# x_m, y_m, w_tr_right_m, w_tr_left_m
9.6250, -17.0625, 1.3877, 1.3877
9.6875, -17.0625, 1.4170, 1.4170
9.7500, -17.1250, 1.4170, 1.4170
9.8125, -17.1875, 1.4142, 1.4142
9.8750, -17.2500, 1.4142, 1.4142
9.9375, -17.3125, 1.4142, 1.4142
10.0000, -17.3750, 1.4045, 1.4045
10.0625, -17.4375, 1.3877, 1.3877
10.1250, -17.4375, 1.4170, 1.4170
10.1875, -17.5000, 1.4170, 1.4170
10.2500, -17.5625, 1.4142, 1.4142
10.3125, -17.6250, 1.4142, 1.4142
10.3750, -17.6875, 1.4142, 1.4142
10.4375, -17.7500, 1.4045, 1.4045
10.5000, -17.8125, 1.3877, 1.3877
10.5625, -17.8125, 1.4170, 1.4170
10.6250, -17.8750, 1.4170, 1.4170
10.6875, -17.9375, 1.4142, 1.4142
10.7500, -18.0000, 1.4045, 1.4045
10.8125, -18.0625, 1.3877, 1.3877
10.8750, -18.0625, 1.4170, 1.4170
10.9375, -18.1250, 1.4170, 1.4170
11.0000, -18.1875, 1.4142, 1.4142
11.0625, -18.2500, 1.4045, 1.4045
11.1250, -18.3125, 1.3877, 1.3877
11.1875, -18.3125, 1.4170, 1.4170
11.2500, -18.3750, 1.4170, 1.4170
11.3125, -18.4375, 1.4045, 1.4045
11.3750, -18.5000, 1.3877, 1.3877
11.4375, -18.5000, 1.4170, 1.4170
11.5000, -18.5625, 1.4170, 1.4170
11.5625, -18.6250, 1.4142, 1.4142
11.6250, -18.6875, 1.4045, 1.4045
11.6875, -18.7500, 1.3877, 1.3877
11.7500, -18.7500, 1.4170, 1.4170
11.8125, -18.8125, 1.4170, 1.4170
11.8750, -18.8750, 1.4045, 1.4045
11.9375, -18.8750, 1.4045, 1.4045
12.0000, -18.9375, 1.4252, 1.4252
12.0625, -19.0000, 1.4170, 1.4170
12.1250, -19.0625, 1.4045, 1.4045
12.1875, -19.0625, 1.4170, 1.4170
12.2500, -19.1250, 1.4252, 1.4252
12.3125, -19.1875, 1.4045, 1.4045
12.3750, -19.1875, 1.4045, 1.4045
12.4375, -19.2500, 1.4252, 1.4252
12.5000, -19.3125, 1.4045, 1.4045
12.5625, -19.3750, 1.3877, 1.3877
12.6250, -19.3750, 1.4170, 1.4170
12.6875, -19.4375, 1.4170, 1.4170
12.7500, -19.5000, 1.4045, 1.4045
12.8125, -19.5000, 1.4045, 1.4045
12.8750, -19.5625, 1.4252, 1.4252
12.9375, -19.6250, 1.4045, 1.4045
13.0000, -19.6250, 1.4045, 1.4045
13.0625, -19.6875, 1.4252, 1.4252
13.1250, -19.7500, 1.4045, 1.4045
13.1875, -19.7500, 1.4045, 1.4045
13.2500, -19.8125, 1.4252, 1.4252
13.3125, -19.8750, 1.4045, 1.4045
13.3750, -19.8750, 1.4045, 1.4045
13.4375, -19.9375, 1.4252, 1.4252
13.5000, -20.0000, 1.3975, 1.3975
13.5625, -20.0000, 1.4252, 1.4252
13.6250, -20.0625, 1.4045, 1.4045
13.6875, -20.1250, 1.3877, 1.3877
13.7500, -20.1250, 1.4252, 1.4252
13.8125, -20.1875, 1.3975, 1.3975
13.8750, -20.1875, 1.4045, 1.4045
13.9375, -20.2500, 1.4045, 1.4045
14.0000, -20.3125, 1.3877, 1.3877
14.0625, -20.3125, 1.4252, 1.4252
14.1250, -20.3750, 1.4045, 1.4045
14.1875, -20.3750, 1.4045, 1.4045
14.2500, -20.4375, 1.4252, 1.4252
14.3125, -20.5000, 1.3975, 1.3975
14.3750, -20.5000, 1.4045, 1.4045
14.4375, -20.5625, 1.4045, 1.4045
14.5000, -20.5625, 1.3975, 1.3975
14.5625, -20.6250, 1.4252, 1.4252
14.6250, -20.6250, 1.3975, 1.3975
14.6875, -20.6875, 1.4266, 1.4266
14.7500, -20.7500, 1.3975, 1.3975
14.8125, -20.7500, 1.4252, 1.4252
14.8750, -20.8125, 1.4045, 1.4045
14.9375, -20.8125, 1.4045, 1.4045
15.0000, -20.8750, 1.4252, 1.4252
15.0625, -20.8750, 1.3975, 1.3975
15.1250, -20.9375, 1.4266, 1.4266
15.1875, -21.0000, 1.3975, 1.3975
15.2500, -21.0000, 1.4252, 1.4252
15.3125, -21.0625, 1.3975, 1.3975
15.3750, -21.0625, 1.4045, 1.4045
15.4375, -21.1250, 1.4045, 1.4045
15.5000, -21.1250, 1.3975, 1.3975
15.5625, -21.1875, 1.4252, 1.4252
15.6250, -21.1875, 1.3975, 1.3975
15.6875, -21.2500, 1.4266, 1.4266
15.7500, -21.2500, 1.3975, 1.3975
15.8125, -21.3125, 1.4266, 1.4266
15.8750, -21.3750, 1.3975, 1.3975
15.9375, -21.3750, 1.4266, 1.4266
16.0000, -21.4375, 1.3975, 1.3975
16.0625, -21.4375, 1.4266, 1.4266
16.1250, -21.5000, 1.3975, 1.3975
16.1875, -21.5000, 1.4266, 1.4266
16.2500, -21.5625, 1.3975, 1.3975
16.3125, -21.5625, 1.4266, 1.4266
16.3750, -21.6250, 1.3975, 1.3975
16.4375, -21.6250, 1.4266, 1.4266
16.5000, -21.6875, 1.3975, 1.3975
16.5625, -21.6875, 1.4266, 1.4266
16.6250, -21.6875, 1.3975, 1.3975
16.6875, -21.7500, 1.4266, 1.4266
16.7500, -21.7500, 1.3975, 1.3975
16.8125, -21.8125, 1.4252, 1.4252
16.8750, -21.8125, 1.3975, 1.3975
16.9375, -21.8750, 1.4045, 1.4045
17.0000, -21.8750, 1.4045, 1.4045
17.0625, -21.9375, 1.3975, 1.3975
17.1250, -21.9375, 1.4252, 1.4252
17.1875, -22.0000, 1.3975, 1.3975
17.2500, -22.0000, 1.4266, 1.4266
17.3125, -22.0625, 1.3975, 1.3975
17.3750, -22.0625, 1.4252, 1.4252
17.4375, -22.0625, 1.3975, 1.3975
17.5000, -22.1250, 1.4045, 1.4045
17.5625, -22.1250, 1.4045, 1.4045
17.6250, -22.1875, 1.3975, 1.3975
17.6875, -22.1875, 1.4252, 1.4252
17.7500, -22.2500, 1.3975, 1.3975
17.8125, -22.2500, 1.4252, 1.4252
17.8750, -22.2500, 1.3975, 1.3975
17.9375, -22.3125, 1.4045, 1.4045
18.0000, -22.3125, 1.4045, 1.4045
18.0625, -22.3750, 1.3975, 1.3975
18.1250, -22.3750, 1.4252, 1.4252
18.1875, -22.3750, 1.3975, 1.3975
18.2500, -22.4375, 1.4045, 1.4045
18.3125, -22.4375, 1.4045, 1.4045
18.3750, -22.5000, 1.3975, 1.3975
18.4375, -22.5000, 1.4252, 1.4252
18.5000, -22.5000, 1.3975, 1.3975
18.5625, -22.5625, 1.4252, 1.4252
18.6250, -22.5625, 1.4045, 1.4045
18.6875, -22.6250, 1.4045, 1.4045
18.7500, -22.6250, 1.4252, 1.4252
18.8125, -22.6250, 1.4045, 1.4045
18.8750, -22.6875, 1.4045, 1.4045
18.9375, -22.6875, 1.4252, 1.4252
19.0000, -22.7500, 1.3975, 1.3975
19.0625, -22.7500, 1.4252, 1.4252
19.1250, -22.8125, 1.3835, 1.3835
19.1875, -22.8125, 1.4045, 1.4045
19.2500, -22.8125, 1.4252, 1.4252
19.3125, -22.8750, 1.3835, 1.3835
19.3750, -22.8750, 1.4045, 1.4045
19.4375, -22.8750, 1.4045, 1.4045
19.5000, -22.9375, 1.3835, 1.3835
19.5625, -22.9375, 1.4045, 1.4045
19.6250, -22.9375, 1.4045, 1.4045
19.6875, -23.0000, 1.3975, 1.3975
19.7500, -23.0000, 1.4252, 1.4252
19.8125, -23.0000, 1.4045, 1.4045
19.8750, -23.0625, 1.4045, 1.4045
19.9375, -23.0625, 1.4252, 1.4252
20.0000, -23.0625, 1.4045, 1.4045
20.0625, -23.1250, 1.4045, 1.4045
20.1250, -23.1250, 1.4252, 1.4252
20.1875, -23.1250, 1.4045, 1.4045
20.2500, -23.1875, 1.4045, 1.4045
20.3125, -23.1875, 1.4252, 1.4252
20.3750, -23.1875, 1.4045, 1.4045
20.4375, -23.2500, 1.3975, 1.3975
20.5000, -23.2500, 1.4101, 1.4101
20.5625, -23.2500, 1.4045, 1.4045
20.6250, -23.3125, 1.3835, 1.3835
20.6875, -23.3125, 1.4045, 1.4045
20.7500, -23.3125, 1.4045, 1.4045
20.8125, -23.3125, 1.3835, 1.3835
20.8750, -23.3750, 1.4045, 1.4045
20.9375, -23.3750, 1.4101, 1.4101
21.0000, -23.3750, 1.3975, 1.3975
21.0625, -23.4375, 1.4045, 1.4045
21.1250, -23.4375, 1.4252, 1.4252
21.1875, -23.4375, 1.4045, 1.4045
21.2500, -23.4375, 1.3835, 1.3835
21.3125, -23.5000, 1.4101, 1.4101
21.3750, -23.5000, 1.4101, 1.4101
21.4375, -23.5000, 1.3975, 1.3975
21.5000, -23.5625, 1.3975, 1.3975
21.5625, -23.5625, 1.4101, 1.4101
21.6250, -23.5625, 1.4045, 1.4045
21.6875, -23.5625, 1.3835, 1.3835
21.7500, -23.6250, 1.4045, 1.4045
21.8125, -23.6250, 1.4101, 1.4101
21.8750, -23.6250, 1.3975, 1.3975
21.9375, -23.6875, 1.3975, 1.3975
22.0000, -23.6875, 1.4101, 1.4101
22.0625, -23.6875, 1.4101, 1.4101
22.1250, -23.6875, 1.3975, 1.3975
22.1875, -23.7500, 1.3975, 1.3975
22.2500, -23.7500, 1.4101, 1.4101
22.3125, -23.7500, 1.4101, 1.4101
22.3750, -23.7500, 1.3975, 1.3975
22.4375, -23.8125, 1.3975, 1.3975
22.5000, -23.8125, 1.4101, 1.4101
22.5625, -23.8125, 1.4101, 1.4101
22.6250, -23.8750, 1.3835, 1.3835
22.6875, -23.8750, 1.3975, 1.3975
22.7500, -23.8750, 1.4101, 1.4101
22.8125, -23.8750, 1.4252, 1.4252
22.8750, -23.8750, 1.4101, 1.4101
22.9375, -23.9375, 1.3877, 1.3877
23.0000, -23.9375, 1.3975, 1.3975
23.0625, -23.9375, 1.4101, 1.4101
23.1250, -23.9375, 1.4101, 1.4101
23.1875, -24.0000, 1.3835, 1.3835
23.2500, -24.0000, 1.3975, 1.3975
23.3125, -24.0000, 1.4101, 1.4101
23.3750, -24.0000, 1.4101, 1.4101
23.4375, -24.0000, 1.3975, 1.3975
23.5000, -24.0000, 1.3877, 1.3877
23.5625, -24.0625, 1.3975, 1.3975
23.6250, -24.0625, 1.4101, 1.4101
23.6875, -24.0625, 1.4101, 1.4101
23.7500, -24.0625, 1.3975, 1.3975
23.8125, -24.0625, 1.3877, 1.3877
23.8750, -24.0625, 1.3807, 1.3807
23.9375, -24.1250, 1.4101, 1.4101
24.0000, -24.1250, 1.4101, 1.4101
24.0625, -24.1250, 1.3975, 1.3975
24.1250, -24.1250, 1.3877, 1.3877
24.1875, -24.1250, 1.3807, 1.3807
24.2500, -24.1875, 1.4101, 1.4101
24.3125, -24.1875, 1.4252, 1.4252
24.3750, -24.1875, 1.4101, 1.4101
24.4375, -24.1875, 1.3975, 1.3975
24.5000, -24.1875, 1.3877, 1.3877
24.5625, -24.2500, 1.3975, 1.3975
24.6250, -24.2500, 1.4101, 1.4101
24.6875, -24.2500, 1.4252, 1.4252
24.7500, -24.2500, 1.4101, 1.4101
24.8125, -24.2500, 1.3975, 1.3975
24.8750, -24.3125, 1.3807, 1.3807
24.9375, -24.3125, 1.3877, 1.3877
25.0000, -24.3125, 1.3975, 1.3975
25.0625, -24.3125, 1.4101, 1.4101
25.1250, -24.3125, 1.4101, 1.4101
25.1875, -24.3125, 1.3975, 1.3975
25.2500, -24.3750, 1.3807, 1.3807
25.3125, -24.3750, 1.3877, 1.3877
25.3750, -24.3750, 1.3975, 1.3975
25.4375, -24.3750, 1.4101, 1.4101
25.5000, -24.3750, 1.4252, 1.4252
25.5625, -24.3750, 1.4252, 1.4252
25.6250, -24.3750, 1.4101, 1.4101
25.6875, -24.3750, 1.3975, 1.3975
25.7500, -24.3750, 1.3877, 1.3877
25.8125, -24.3750, 1.3807, 1.3807
25.8750, -24.4375, 1.3975, 1.3975
25.9375, -24.4375, 1.4101, 1.4101
26.0000, -24.4375, 1.4252, 1.4252
26.0625, -24.4375, 1.4252, 1.4252
26.1250, -24.4375, 1.4101, 1.4101
26.1875, -24.4375, 1.3975, 1.3975
26.2500, -24.4375, 1.3877, 1.3877
26.3125, -24.4375, 1.3807, 1.3807
26.3750, -24.4375, 1.3764, 1.3764
26.4375, -24.5000, 1.3975, 1.3975
26.5000, -24.5000, 1.4101, 1.4101
26.5625, -24.5000, 1.4252, 1.4252
26.6250, -24.5000, 1.4375, 1.4375
26.6875, -24.5000, 1.4252, 1.4252
26.7500, -24.5000, 1.4101, 1.4101
26.8125, -24.5000, 1.3975, 1.3975
26.8750, -24.5000, 1.3877, 1.3877
26.9375, -24.5625, 1.3750, 1.3750
27.0000, -24.5625, 1.3764, 1.3764
27.0625, -24.5625, 1.3807, 1.3807
27.1250, -24.5625, 1.3877, 1.3877
27.1875, -24.5625, 1.3975, 1.3975
27.2500, -24.5625, 1.4101, 1.4101
27.3125, -24.5625, 1.4252, 1.4252
27.3750, -24.5625, 1.4375, 1.4375
27.4375, -24.5625, 1.4375, 1.4375
27.5000, -24.5625, 1.4252, 1.4252
27.5625, -24.5625, 1.4101, 1.4101
27.6250, -24.5625, 1.3975, 1.3975
27.6875, -24.5625, 1.3877, 1.3877
27.7500, -24.5625, 1.3807, 1.3807
27.8125, -24.5625, 1.3764, 1.3764
27.8750, -24.5625, 1.3750, 1.3750
27.9375, -24.5625, 1.3750, 1.3750
28.0000, -24.5625, 1.3750, 1.3750
28.0625, -24.5625, 1.3750, 1.3750
28.1250, -24.5625, 1.3750, 1.3750
28.1875, -24.5625, 1.3750, 1.3750
28.2500, -24.5625, 1.3750, 1.3750
28.3125, -24.6250, 1.4375, 1.4375
28.3750, -24.6250, 1.4375, 1.4375
28.4375, -24.6250, 1.4375, 1.4375
28.5000, -24.6250, 1.4375, 1.4375
28.5625, -24.6250, 1.4375, 1.4375
28.6250, -24.6250, 1.4375, 1.4375
28.6875, -24.6250, 1.4375, 1.4375
28.7500, -24.6250, 1.4375, 1.4375
28.8125, -24.6250, 1.4375, 1.4375
28.8750, -24.6250, 1.4375, 1.4375
28.9375, -24.6250, 1.4375, 1.4375
29.0000, -24.6250, 1.4375, 1.4375
29.0625, -24.6250, 1.4375, 1.4375
29.1250, -24.6250, 1.4375, 1.4375
29.1875, -24.6250, 1.4375, 1.4375
29.2500, -24.6250, 1.4375, 1.4375
29.3125, -24.6250, 1.4375, 1.4375
29.3750, -24.6250, 1.4375, 1.4375
29.4375, -24.6250, 1.4375, 1.4375
29.5000, -24.6250, 1.4375, 1.4375
29.5625, -24.6250, 1.4375, 1.4375
29.6250, -24.6250, 1.4375, 1.4375
29.6875, -24.6250, 1.4375, 1.4375
29.7500, -24.6250, 1.4375, 1.4375
29.8125, -24.6250, 1.4375, 1.4375
29.8750, -24.6250, 1.4375, 1.4375
29.9375, -24.6250, 1.4375, 1.4375
30.0000, -24.6250, 1.4375, 1.4375
30.0625, -24.6250, 1.4375, 1.4375
30.1250, -24.6250, 1.4375, 1.4375
30.1875, -24.6250, 1.4375, 1.4375
30.2500, -24.6250, 1.4375, 1.4375
30.3125, -24.6250, 1.4375, 1.4375
30.3750, -24.6250, 1.4375, 1.4375
30.4375, -24.6250, 1.4375, 1.4375
30.5000, -24.6250, 1.4375, 1.4375
30.5625, -24.6250, 1.4375, 1.4375
30.6250, -24.6250, 1.4375, 1.4375
30.6875, -24.5625, 1.3750, 1.3750
30.7500, -24.5625, 1.3750, 1.3750
30.8125, -24.5625, 1.3750, 1.3750
30.8750, -24.5625, 1.3750, 1.3750
30.9375, -24.5625, 1.3750, 1.3750
31.0000, -24.5625, 1.3750, 1.3750
31.0625, -24.5625, 1.3750, 1.3750
31.1250, -24.5625, 1.3764, 1.3764
31.1875, -24.5625, 1.3807, 1.3807
31.2500, -24.5625, 1.3877, 1.3877
31.3125, -24.5625, 1.3975, 1.3975
31.3750, -24.5625, 1.4101, 1.4101
31.4375, -24.5625, 1.4252, 1.4252
31.5000, -24.5625, 1.4375, 1.4375
31.5625, -24.5625, 1.4375, 1.4375
31.6250, -24.5625, 1.4252, 1.4252
31.6875, -24.5625, 1.4101, 1.4101
31.7500, -24.5625, 1.3975, 1.3975
31.8125, -24.5625, 1.3877, 1.3877
31.8750, -24.5625, 1.3807, 1.3807
31.9375, -24.5625, 1.3764, 1.3764
32.0000, -24.5625, 1.3750, 1.3750
32.0625, -24.5000, 1.3877, 1.3877
32.1250, -24.5000, 1.3975, 1.3975
32.1875, -24.5000, 1.4101, 1.4101
32.2500, -24.5000, 1.4252, 1.4252
32.3125, -24.5000, 1.4375, 1.4375
32.3750, -24.5000, 1.4252, 1.4252
32.4375, -24.5000, 1.4101, 1.4101
32.5000, -24.5000, 1.3975, 1.3975
32.5625, -24.4375, 1.3764, 1.3764
32.6250, -24.4375, 1.3807, 1.3807
32.6875, -24.4375, 1.3877, 1.3877
32.7500, -24.4375, 1.3975, 1.3975
32.8125, -24.4375, 1.4101, 1.4101
32.8750, -24.4375, 1.4252, 1.4252
32.9375, -24.4375, 1.4252, 1.4252
33.0000, -24.4375, 1.4101, 1.4101
33.0625, -24.4375, 1.3975, 1.3975
33.1250, -24.3750, 1.3807, 1.3807
33.1875, -24.3750, 1.3877, 1.3877
33.2500, -24.3750, 1.3975, 1.3975
33.3125, -24.3750, 1.4101, 1.4101
33.3750, -24.3750, 1.4252, 1.4252
33.4375, -24.3750, 1.4252, 1.4252
33.5000, -24.3750, 1.4101, 1.4101
33.5625, -24.3750, 1.3975, 1.3975
33.6250, -24.3750, 1.3877, 1.3877
33.6875, -24.3750, 1.3807, 1.3807
33.7500, -24.3125, 1.3975, 1.3975
33.8125, -24.3125, 1.4101, 1.4101
33.8750, -24.3125, 1.4101, 1.4101
33.9375, -24.3125, 1.3975, 1.3975
34.0000, -24.3125, 1.3877, 1.3877
34.0625, -24.3125, 1.3807, 1.3807
34.1250, -24.2500, 1.3975, 1.3975
34.1875, -24.2500, 1.4101, 1.4101
34.2500, -24.2500, 1.4101, 1.4101
34.3125, -24.2500, 1.3975, 1.3975
34.3750, -24.2500, 1.3877, 1.3877
34.4375, -24.1875, 1.3877, 1.3877
34.5000, -24.1875, 1.3975, 1.3975
34.5625, -24.1875, 1.4101, 1.4101
34.6250, -24.1875, 1.4252, 1.4252
34.6875, -24.1875, 1.4101, 1.4101
34.7500, -24.1250, 1.3807, 1.3807
34.8125, -24.1250, 1.3877, 1.3877
34.8750, -24.1250, 1.3975, 1.3975
34.9375, -24.1250, 1.4101, 1.4101
35.0000, -24.1250, 1.4101, 1.4101
35.0625, -24.0625, 1.3807, 1.3807
35.1250, -24.0625, 1.3877, 1.3877
35.1875, -24.0625, 1.3975, 1.3975
35.2500, -24.0625, 1.4101, 1.4101
35.3125, -24.0625, 1.4101, 1.4101
35.3750, -24.0625, 1.3975, 1.3975
35.4375, -24.0000, 1.3877, 1.3877
35.5000, -24.0000, 1.3975, 1.3975
35.5625, -24.0000, 1.4101, 1.4101
35.6250, -24.0000, 1.4101, 1.4101
35.6875, -24.0000, 1.3975, 1.3975
35.7500, -24.0000, 1.3835, 1.3835
35.8125, -23.9375, 1.4101, 1.4101
35.8750, -23.9375, 1.4101, 1.4101
35.9375, -23.9375, 1.3975, 1.3975
36.0000, -23.9375, 1.3877, 1.3877
36.0625, -23.8750, 1.4101, 1.4101
36.1250, -23.8750, 1.4252, 1.4252
36.1875, -23.8750, 1.4101, 1.4101
36.2500, -23.8750, 1.3975, 1.3975
36.3125, -23.8750, 1.3835, 1.3835
36.3750, -23.8125, 1.4101, 1.4101
36.4375, -23.8125, 1.4101, 1.4101
36.5000, -23.8125, 1.3975, 1.3975
36.5625, -23.7500, 1.3975, 1.3975
36.6250, -23.7500, 1.4101, 1.4101
36.6875, -23.7500, 1.4101, 1.4101
36.7500, -23.7500, 1.3975, 1.3975
36.8125, -23.6875, 1.3975, 1.3975
36.8750, -23.6875, 1.4101, 1.4101
36.9375, -23.6875, 1.4101, 1.4101
37.0000, -23.6875, 1.3975, 1.3975
37.0625, -23.6250, 1.3975, 1.3975
37.1250, -23.6250, 1.4101, 1.4101
37.1875, -23.6250, 1.4045, 1.4045
37.2500, -23.5625, 1.3835, 1.3835
37.3125, -23.5625, 1.4045, 1.4045
37.3750, -23.5625, 1.4101, 1.4101
37.4375, -23.5625, 1.3975, 1.3975
37.5000, -23.5000, 1.3975, 1.3975
37.5625, -23.5000, 1.4101, 1.4101
37.6250, -23.5000, 1.4101, 1.4101
37.6875, -23.4375, 1.3835, 1.3835
37.7500, -23.4375, 1.4045, 1.4045
37.8125, -23.4375, 1.4252, 1.4252
37.8750, -23.4375, 1.4045, 1.4045
37.9375, -23.3750, 1.3975, 1.3975
38.0000, -23.3750, 1.4101, 1.4101
38.0625, -23.3750, 1.4045, 1.4045
38.1250, -23.3125, 1.3835, 1.3835
38.1875, -23.3125, 1.4045, 1.4045
38.2500, -23.3125, 1.4045, 1.4045
38.3125, -23.3125, 1.3835, 1.3835
38.3750, -23.2500, 1.4045, 1.4045
38.4375, -23.2500, 1.4101, 1.4101
38.5000, -23.2500, 1.3975, 1.3975
38.5625, -23.1875, 1.4045, 1.4045
38.6250, -23.1875, 1.4252, 1.4252
38.6875, -23.1875, 1.4045, 1.4045
38.7500, -23.1250, 1.4045, 1.4045
38.8125, -23.1250, 1.4252, 1.4252
38.8750, -23.1250, 1.4045, 1.4045
38.9375, -23.0625, 1.4045, 1.4045
39.0000, -23.0625, 1.4252, 1.4252
39.0625, -23.0625, 1.4045, 1.4045
39.1250, -23.0000, 1.4045, 1.4045
39.1875, -23.0000, 1.4252, 1.4252
39.2500, -23.0000, 1.3975, 1.3975
39.3125, -22.9375, 1.4045, 1.4045
39.3750, -22.9375, 1.4045, 1.4045
39.4375, -22.9375, 1.3835, 1.3835
39.5000, -22.8750, 1.4045, 1.4045
39.5625, -22.8750, 1.4045, 1.4045
39.6250, -22.8750, 1.3835, 1.3835
39.6875, -22.8125, 1.4252, 1.4252
39.7500, -22.8125, 1.4045, 1.4045
39.8125, -22.8125, 1.3835, 1.3835
39.8750, -22.7500, 1.4252, 1.4252
39.9375, -22.7500, 1.3975, 1.3975
40.0000, -22.6875, 1.4252, 1.4252
40.0625, -22.6875, 1.4045, 1.4045
40.1250, -22.6250, 1.4045, 1.4045
40.1875, -22.6250, 1.4252, 1.4252
40.2500, -22.6250, 1.4045, 1.4045
40.3125, -22.5625, 1.4045, 1.4045
40.3750, -22.5625, 1.4252, 1.4252
40.4375, -22.5000, 1.3975, 1.3975
40.5000, -22.5000, 1.4252, 1.4252
40.5625, -22.5000, 1.3975, 1.3975
40.6250, -22.4375, 1.4045, 1.4045
40.6875, -22.4375, 1.4045, 1.4045
40.7500, -22.3750, 1.3975, 1.3975
40.8125, -22.3750, 1.4252, 1.4252
40.8750, -22.3750, 1.3975, 1.3975
40.9375, -22.3125, 1.4045, 1.4045
41.0000, -22.3125, 1.4045, 1.4045
41.0625, -22.2500, 1.3975, 1.3975
41.1250, -22.2500, 1.4252, 1.4252
41.1875, -22.2500, 1.3975, 1.3975
41.2500, -22.1875, 1.4252, 1.4252
41.3125, -22.1875, 1.3975, 1.3975
41.3750, -22.1250, 1.4045, 1.4045
41.4375, -22.1250, 1.4045, 1.4045
41.5000, -22.0625, 1.3975, 1.3975
41.5625, -22.0625, 1.4252, 1.4252
41.6250, -22.0000, 1.3975, 1.3975
41.6875, -22.0000, 1.4266, 1.4266
41.7500, -22.0000, 1.3975, 1.3975
41.8125, -21.9375, 1.4252, 1.4252
41.8750, -21.9375, 1.3975, 1.3975
41.9375, -21.8750, 1.4045, 1.4045
42.0000, -21.8750, 1.3975, 1.3975
42.0625, -21.8125, 1.3975, 1.3975
42.1250, -21.8125, 1.4045, 1.4045
42.1875, -21.7500, 1.3975, 1.3975
42.2500, -21.7500, 1.4252, 1.4252
42.3125, -21.6875, 1.3975, 1.3975
42.3750, -21.6875, 1.4266, 1.4266
42.4375, -21.6875, 1.3975, 1.3975
42.5000, -21.6250, 1.4266, 1.4266
42.5625, -21.6250, 1.3975, 1.3975
42.6250, -21.5625, 1.4266, 1.4266
42.6875, -21.5625, 1.3975, 1.3975
42.7500, -21.5000, 1.4266, 1.4266
42.8125, -21.5000, 1.3975, 1.3975
42.8750, -21.4375, 1.4266, 1.4266
42.9375, -21.4375, 1.3975, 1.3975
43.0000, -21.3750, 1.4266, 1.4266
43.0625, -21.3750, 1.3975, 1.3975
43.1250, -21.3125, 1.4266, 1.4266
43.1875, -21.2500, 1.3975, 1.3975
43.2500, -21.2500, 1.4252, 1.4252
43.3125, -21.1875, 1.3975, 1.3975
43.3750, -21.1875, 1.4045, 1.4045
43.4375, -21.1250, 1.3975, 1.3975
43.5000, -21.1250, 1.3975, 1.3975
43.5625, -21.0625, 1.4045, 1.4045
43.6250, -21.0625, 1.3975, 1.3975
43.6875, -21.0000, 1.4252, 1.4252
43.7500, -21.0000, 1.3975, 1.3975
43.8125, -20.9375, 1.4266, 1.4266
43.8750, -20.8750, 1.3975, 1.3975
43.9375, -20.8750, 1.4252, 1.4252
44.0000, -20.8125, 1.4045, 1.4045
44.0625, -20.8125, 1.4045, 1.4045
44.1250, -20.7500, 1.4252, 1.4252
44.1875, -20.7500, 1.3975, 1.3975
44.2500, -20.6875, 1.4266, 1.4266
44.3125, -20.6250, 1.3975, 1.3975
44.3750, -20.6250, 1.4252, 1.4252
44.4375, -20.5625, 1.4045, 1.4045
44.5000, -20.5625, 1.4045, 1.4045
44.5625, -20.5000, 1.4252, 1.4252
44.6250, -20.5000, 1.3975, 1.3975
44.6875, -20.4375, 1.4252, 1.4252
44.7500, -20.3750, 1.4045, 1.4045
44.8125, -20.3750, 1.4045, 1.4045
44.8750, -20.3125, 1.4252, 1.4252
44.9375, -20.3125, 1.3877, 1.3877
45.0000, -20.2500, 1.4045, 1.4045
45.0625, -20.1875, 1.4045, 1.4045
45.1250, -20.1875, 1.3975, 1.3975
45.1875, -20.1250, 1.4252, 1.4252
45.2500, -20.1250, 1.3877, 1.3877
45.3125, -20.0625, 1.4045, 1.4045
45.3750, -20.0000, 1.4252, 1.4252
45.4375, -20.0000, 1.3975, 1.3975
45.5000, -19.9375, 1.4252, 1.4252
45.5625, -19.8750, 1.4045, 1.4045
45.6250, -19.8750, 1.4045, 1.4045
45.6875, -19.8125, 1.4252, 1.4252
45.7500, -19.7500, 1.4045, 1.4045
45.8125, -19.7500, 1.4045, 1.4045
45.8750, -19.6875, 1.4252, 1.4252
45.9375, -19.6250, 1.4045, 1.4045
46.0000, -19.5625, 1.3877, 1.3877
46.0625, -19.5625, 1.4170, 1.4170
46.1250, -19.5000, 1.4170, 1.4170
46.1875, -19.4375, 1.4045, 1.4045
46.2500, -19.4375, 1.4045, 1.4045
46.3125, -19.3750, 1.4252, 1.4252
46.3750, -19.3125, 1.4045, 1.4045
46.4375, -19.3125, 1.4045, 1.4045
46.5000, -19.2500, 1.4252, 1.4252
46.5625, -19.1875, 1.4045, 1.4045
46.6250, -19.1875, 1.4045, 1.4045
46.6875, -19.1250, 1.4252, 1.4252
46.7500, -19.0625, 1.4170, 1.4170
46.8125, -19.0000, 1.4045, 1.4045
46.8750, -19.0000, 1.4170, 1.4170
46.9375, -18.9375, 1.4252, 1.4252
47.0000, -18.8750, 1.4045, 1.4045
47.0625, -18.8125, 1.3877, 1.3877
47.1250, -18.8125, 1.4170, 1.4170
47.1875, -18.7500, 1.4170, 1.4170
47.2500, -18.6875, 1.4142, 1.4142
47.3125, -18.6250, 1.4045, 1.4045
47.3750, -18.6250, 1.4142, 1.4142
47.4375, -18.5625, 1.4170, 1.4170
47.5000, -18.5000, 1.4170, 1.4170
47.5625, -18.4375, 1.4045, 1.4045
47.6250, -18.4375, 1.4045, 1.4045
47.6875, -18.3750, 1.4170, 1.4170
47.7500, -18.3125, 1.4170, 1.4170
47.8125, -18.2500, 1.4142, 1.4142
47.8750, -18.1875, 1.4045, 1.4045
47.9375, -18.1875, 1.4142, 1.4142
48.0000, -18.1250, 1.4170, 1.4170
48.0625, -18.0625, 1.4170, 1.4170
48.1250, -18.0000, 1.4142, 1.4142
48.1875, -17.9375, 1.4045, 1.4045
48.2500, -17.9375, 1.4142, 1.4142
48.3125, -17.8750, 1.4170, 1.4170
48.3750, -17.8125, 1.4170, 1.4170
48.4375, -17.7500, 1.4142, 1.4142
48.5000, -17.6875, 1.4142, 1.4142
48.5625, -17.6250, 1.4142, 1.4142
48.6250, -17.6250, 1.4142, 1.4142
48.6875, -17.5625, 1.4142, 1.4142
48.7500, -17.5000, 1.4142, 1.4142
48.8125, -17.4375, 1.4170, 1.4170
48.8750, -17.3750, 1.4142, 1.4142
48.9375, -17.3125, 1.4142, 1.4142
49.0000, -17.2500, 1.4142, 1.4142
49.0625, -17.2500, 1.4142, 1.4142
49.1250, -17.1875, 1.4142, 1.4142
49.1875, -17.1250, 1.4142, 1.4142
49.2500, -17.0625, 1.4170, 1.4170
49.3125, -17.0000, 1.4170, 1.4170
49.3750, -16.9375, 1.4142, 1.4142
49.4375, -16.8750, 1.4142, 1.4142
49.5000, -16.8125, 1.4142, 1.4142
49.5625, -16.7500, 1.4142, 1.4142
49.6250, -16.6875, 1.4142, 1.4142
49.6875, -16.6250, 1.4142, 1.4142
49.7500, -16.5625, 1.4142, 1.4142
49.8125, -16.5000, 1.4142, 1.4142
49.8750, -16.4375, 1.4142, 1.4142
49.9375, -16.3750, 1.4142, 1.4142
50.0000, -16.3125, 1.4142, 1.4142
50.0625, -16.2500, 1.4142, 1.4142
50.1250, -16.1875, 1.4142, 1.4142
50.1875, -16.1250, 1.4142, 1.4142
50.2500, -16.0625, 1.4142, 1.4142
50.3125, -16.0000, 1.4142, 1.4142
50.3750, -15.9375, 1.4142, 1.4142
50.4375, -15.8750, 1.4142, 1.4142
50.5000, -15.8125, 1.4142, 1.4142
50.5625, -15.7500, 1.4142, 1.4142
50.6250, -15.6875, 1.4142, 1.4142
50.6875, -15.6250, 1.4142, 1.4142
50.7500, -15.5625, 1.4142, 1.4142
50.8125, -15.5000, 1.4142, 1.4142
50.8750, -15.4375, 1.4142, 1.4142
50.9375, -15.3750, 1.4142, 1.4142
51.0000, -15.3125, 1.4142, 1.4142
51.0625, -15.2500, 1.4142, 1.4142
51.1250, -15.1875, 1.4142, 1.4142
51.1875, -15.1250, 1.4142, 1.4142
51.2500, -15.0625, 1.4142, 1.4142
51.3125, -15.0000, 1.4142, 1.4142
51.3750, -14.9375, 1.4142, 1.4142
51.4375, -14.8750, 1.4142, 1.4142
51.5000, -14.8125, 1.4142, 1.4142
51.5625, -14.7500, 1.4142, 1.4142
51.6250, -14.6875, 1.4142, 1.4142
51.6875, -14.6250, 1.4142, 1.4142
51.6875, -14.5625, 1.4142, 1.4142
51.7500, -14.5000, 1.4142, 1.4142
51.8125, -14.4375, 1.4142, 1.4142
51.8750, -14.3750, 1.4170, 1.4170
51.9375, -14.3125, 1.4142, 1.4142
52.0000, -14.2500, 1.4142, 1.4142
52.0625, -14.1875, 1.4142, 1.4142
52.0625, -14.1250, 1.4142, 1.4142
52.1250, -14.0625, 1.4142, 1.4142
52.1875, -14.0000, 1.4142, 1.4142
52.2500, -13.9375, 1.4142, 1.4142
52.3125, -13.8750, 1.4142, 1.4142
52.3750, -13.8125, 1.4142, 1.4142
52.4375, -13.7500, 1.4045, 1.4045
52.4375, -13.6875, 1.4045, 1.4045
52.5000, -13.6250, 1.4170, 1.4170
52.5625, -13.5625, 1.4170, 1.4170
52.6250, -13.5000, 1.4045, 1.4045
52.6250, -13.4375, 1.4045, 1.4045
52.6875, -13.3750, 1.4142, 1.4142
52.7500, -13.3125, 1.4170, 1.4170
52.8125, -13.2500, 1.4142, 1.4142
52.8750, -13.1875, 1.4045, 1.4045
52.8750, -13.1250, 1.4045, 1.4045
52.9375, -13.0625, 1.4170, 1.4170
53.0000, -13.0000, 1.4170, 1.4170
53.0625, -12.9375, 1.4045, 1.4045
53.0625, -12.8750, 1.4045, 1.4045
53.1250, -12.8125, 1.4142, 1.4142
53.1875, -12.7500, 1.4170, 1.4170
53.2500, -12.6875, 1.4142, 1.4142
53.2500, -12.6250, 1.3877, 1.3877
53.3125, -12.5625, 1.4045, 1.4045
53.3750, -12.5000, 1.4252, 1.4252
53.4375, -12.4375, 1.4045, 1.4045
53.4375, -12.3750, 1.4045, 1.4045
53.5000, -12.3125, 1.4252, 1.4252
53.5625, -12.2500, 1.4170, 1.4170
53.6250, -12.1875, 1.4045, 1.4045
53.6250, -12.1250, 1.4170, 1.4170
53.6875, -12.0625, 1.4252, 1.4252
53.7500, -12.0000, 1.4045, 1.4045
53.7500, -11.9375, 1.4045, 1.4045
53.8125, -11.8750, 1.4252, 1.4252
53.8750, -11.8125, 1.4045, 1.4045
53.9375, -11.7500, 1.3877, 1.3877
53.9375, -11.6875, 1.4170, 1.4170
54.0000, -11.6250, 1.4045, 1.4045
54.0625, -11.5625, 1.3877, 1.3877
54.0625, -11.5000, 1.4045, 1.4045
54.1250, -11.4375, 1.4170, 1.4170
54.1250, -11.3750, 1.3877, 1.3877
54.1875, -11.3125, 1.4045, 1.4045
54.2500, -11.2500, 1.4252, 1.4252
54.2500, -11.1875, 1.3975, 1.3975
54.3125, -11.1250, 1.4252, 1.4252
54.3750, -11.0625, 1.4045, 1.4045
54.3750, -11.0000, 1.4045, 1.4045
54.4375, -10.9375, 1.4252, 1.4252
54.4375, -10.8750, 1.3877, 1.3877
54.5000, -10.8125, 1.4045, 1.4045
54.5625, -10.7500, 1.4252, 1.4252
54.5625, -10.6875, 1.3975, 1.3975
54.6250, -10.6250, 1.4252, 1.4252
54.6875, -10.5625, 1.4045, 1.4045
54.6875, -10.5000, 1.4045, 1.4045
54.7500, -10.4375, 1.4252, 1.4252
54.7500, -10.3750, 1.3877, 1.3877
54.8125, -10.3125, 1.4045, 1.4045
54.8750, -10.2500, 1.4045, 1.4045
54.8750, -10.1875, 1.3975, 1.3975
54.9375, -10.1250, 1.4252, 1.4252
54.9375, -10.0625, 1.3975, 1.3975
55.0000, -10.0000, 1.4252, 1.4252
55.0625, -9.9375, 1.4252, 1.4252
55.0625, -9.8750, 1.4045, 1.4045
55.1250, -9.8125, 1.4266, 1.4266
55.1250, -9.7500, 1.3975, 1.3975
55.1875, -9.6875, 1.4266, 1.4266
55.2500, -9.6250, 1.3975, 1.3975
55.2500, -9.5625, 1.4252, 1.4252
55.3125, -9.5000, 1.4045, 1.4045
55.3125, -9.4375, 1.4045, 1.4045
55.3750, -9.3750, 1.4252, 1.4252
55.3750, -9.3125, 1.3975, 1.3975
55.4375, -9.2500, 1.4266, 1.4266
55.4375, -9.1875, 1.3975, 1.3975
55.5000, -9.1250, 1.4266, 1.4266
55.5625, -9.0625, 1.3975, 1.3975
55.5625, -9.0000, 1.4252, 1.4252
55.6250, -8.9375, 1.3975, 1.3975
55.6250, -8.8750, 1.4045, 1.4045
55.6875, -8.8125, 1.4045, 1.4045
55.6875, -8.7500, 1.3975, 1.3975
55.7500, -8.6875, 1.4252, 1.4252
55.7500, -8.6250, 1.3975, 1.3975
55.8125, -8.5625, 1.4266, 1.4266
55.8125, -8.5000, 1.3975, 1.3975
55.8750, -8.4375, 1.4266, 1.4266
55.8750, -8.3750, 1.3975, 1.3975
55.9375, -8.3125, 1.4252, 1.4252
55.9375, -8.2500, 1.3975, 1.3975
56.0000, -8.1875, 1.4045, 1.4045
56.0000, -8.1250, 1.3975, 1.3975
56.0625, -8.0625, 1.3975, 1.3975
56.0625, -8.0000, 1.3975, 1.3975
56.1250, -7.9375, 1.3975, 1.3975
56.1250, -7.8750, 1.3975, 1.3975
56.1875, -7.8125, 1.3975, 1.3975
56.1875, -7.7500, 1.3975, 1.3975
56.1875, -7.6875, 1.3707, 1.3707
56.2500, -7.6250, 1.4045, 1.4045
56.2500, -7.5625, 1.3835, 1.3835
56.3125, -7.5000, 1.4252, 1.4252
56.3125, -7.4375, 1.3975, 1.3975
56.3750, -7.3750, 1.4266, 1.4266
56.3750, -7.3125, 1.3975, 1.3975
56.4375, -7.2500, 1.4252, 1.4252
56.4375, -7.1875, 1.3975, 1.3975
56.5000, -7.1250, 1.4045, 1.4045
56.5000, -7.0625, 1.4045, 1.4045
56.5625, -7.0000, 1.3975, 1.3975
56.5625, -6.9375, 1.4252, 1.4252
56.5625, -6.8750, 1.3975, 1.3975
56.6250, -6.8125, 1.4252, 1.4252
56.6250, -6.7500, 1.3975, 1.3975
56.6875, -6.6875, 1.4045, 1.4045
56.6875, -6.6250, 1.3975, 1.3975
56.6875, -6.5625, 1.3707, 1.3707
56.7500, -6.5000, 1.4045, 1.4045
56.7500, -6.4375, 1.3835, 1.3835
56.8125, -6.3750, 1.4252, 1.4252
56.8125, -6.3125, 1.3975, 1.3975
56.8750, -6.2500, 1.4045, 1.4045
56.8750, -6.1875, 1.4045, 1.4045
56.8750, -6.1250, 1.3835, 1.3835
56.9375, -6.0625, 1.4252, 1.4252
56.9375, -6.0000, 1.3975, 1.3975
57.0000, -5.9375, 1.4252, 1.4252
57.0000, -5.8750, 1.4045, 1.4045
57.0625, -5.8125, 1.4045, 1.4045
57.0625, -5.7500, 1.4252, 1.4252
57.0625, -5.6875, 1.3975, 1.3975
57.1250, -5.6250, 1.4045, 1.4045
57.1250, -5.5625, 1.4045, 1.4045
57.1250, -5.5000, 1.3835, 1.3835
57.1875, -5.4375, 1.4045, 1.4045
57.1875, -5.3750, 1.3975, 1.3975
57.1875, -5.3125, 1.3707, 1.3707
57.2500, -5.2500, 1.4045, 1.4045
57.2500, -5.1875, 1.3835, 1.3835
57.2500, -5.1250, 1.3650, 1.3650
57.3125, -5.0625, 1.4045, 1.4045
57.3125, -5.0000, 1.3835, 1.3835
57.3125, -4.9375, 1.3650, 1.3650
57.3750, -4.8750, 1.4045, 1.4045
57.3750, -4.8125, 1.3835, 1.3835
57.4375, -4.7500, 1.4252, 1.4252
57.4375, -4.6875, 1.4045, 1.4045
57.4375, -4.6250, 1.3835, 1.3835
57.5000, -4.5625, 1.4252, 1.4252
57.5000, -4.5000, 1.4045, 1.4045
57.5000, -4.4375, 1.3835, 1.3835
57.5625, -4.3750, 1.4252, 1.4252
57.5625, -4.3125, 1.4045, 1.4045
57.5625, -4.2500, 1.3835, 1.3835
57.6250, -4.1875, 1.4252, 1.4252
57.6250, -4.1250, 1.4045, 1.4045
57.6250, -4.0625, 1.3835, 1.3835
57.6875, -4.0000, 1.4101, 1.4101
57.6875, -3.9375, 1.4045, 1.4045
57.6875, -3.8750, 1.3835, 1.3835
57.7500, -3.8125, 1.4045, 1.4045
57.7500, -3.7500, 1.4045, 1.4045
57.7500, -3.6875, 1.3835, 1.3835
57.8125, -3.6250, 1.4045, 1.4045
57.8125, -3.5625, 1.4101, 1.4101
57.8125, -3.5000, 1.3975, 1.3975
57.8750, -3.4375, 1.4045, 1.4045
57.8750, -3.3750, 1.4252, 1.4252
57.8750, -3.3125, 1.4045, 1.4045
57.8750, -3.2500, 1.3835, 1.3835
57.9375, -3.1875, 1.4101, 1.4101
57.9375, -3.1250, 1.4101, 1.4101
57.9375, -3.0625, 1.3975, 1.3975
57.9375, -3.0000, 1.3835, 1.3835
58.0000, -2.9375, 1.4252, 1.4252
58.0000, -2.8750, 1.4045, 1.4045
58.0000, -2.8125, 1.3835, 1.3835
58.0625, -2.7500, 1.4101, 1.4101
58.0625, -2.6875, 1.4101, 1.4101
58.0625, -2.6250, 1.3975, 1.3975
58.0625, -2.5625, 1.3835, 1.3835
58.1250, -2.5000, 1.4101, 1.4101
58.1250, -2.4375, 1.4101, 1.4101
58.1250, -2.3750, 1.3975, 1.3975
58.1250, -2.3125, 1.3835, 1.3835
58.1250, -2.2500, 1.3650, 1.3650
58.1875, -2.1875, 1.4101, 1.4101
58.1875, -2.1250, 1.3975, 1.3975
58.1875, -2.0625, 1.3835, 1.3835
58.1875, -2.0000, 1.3650, 1.3650
58.2500, -1.9375, 1.4101, 1.4101
58.2500, -1.8750, 1.3975, 1.3975
58.2500, -1.8125, 1.3835, 1.3835
58.2500, -1.7500, 1.3650, 1.3650
58.3125, -1.6875, 1.4101, 1.4101
58.3125, -1.6250, 1.3975, 1.3975
58.3125, -1.5625, 1.3877, 1.3877
58.3125, -1.5000, 1.3807, 1.3807
58.3125, -1.4375, 1.3650, 1.3650
58.3750, -1.3750, 1.4101, 1.4101
58.3750, -1.3125, 1.3975, 1.3975
58.3750, -1.2500, 1.3835, 1.3835
58.4375, -1.1875, 1.4101, 1.4101
58.4375, -1.1250, 1.4101, 1.4101
58.4375, -1.0625, 1.3975, 1.3975
58.4375, -1.0000, 1.3877, 1.3877
58.4375, -0.9375, 1.3807, 1.3807
58.5000, -0.8750, 1.4101, 1.4101
58.5000, -0.8125, 1.4101, 1.4101
58.5000, -0.7500, 1.3975, 1.3975
58.5000, -0.6875, 1.3877, 1.3877
58.5000, -0.6250, 1.3807, 1.3807
58.5625, -0.5625, 1.4101, 1.4101
58.5625, -0.5000, 1.4101, 1.4101
58.5625, -0.4375, 1.3975, 1.3975
58.5625, -0.3750, 1.3877, 1.3877
58.5625, -0.3125, 1.3807, 1.3807
58.6250, -0.2500, 1.4101, 1.4101
58.6250, -0.1875, 1.4252, 1.4252
58.6250, -0.1250, 1.4101, 1.4101
58.6250, -0.0625, 1.3975, 1.3975
58.6250, 0.0000, 1.3877, 1.3877
58.6250, 0.0625, 1.3807, 1.3807
58.6250, 0.1250, 1.3764, 1.3764
58.6250, 0.1875, 1.3650, 1.3650
58.6875, 0.2500, 1.4101, 1.4101
58.6875, 0.3125, 1.3975, 1.3975
58.6875, 0.3750, 1.3877, 1.3877
58.6875, 0.4375, 1.3807, 1.3807
58.6875, 0.5000, 1.3764, 1.3764
58.6875, 0.5625, 1.3650, 1.3650
58.6875, 0.6250, 1.3492, 1.3492
58.7500, 0.6875, 1.3975, 1.3975
58.7500, 0.7500, 1.3877, 1.3877
58.7500, 0.8125, 1.3807, 1.3807
58.7500, 0.8750, 1.3764, 1.3764
58.7500, 0.9375, 1.3750, 1.3750
58.7500, 1.0000, 1.3750, 1.3750
58.8125, 1.0625, 1.4252, 1.4252
58.8125, 1.1250, 1.4101, 1.4101
58.8125, 1.1875, 1.3975, 1.3975
58.8125, 1.2500, 1.3877, 1.3877
58.8125, 1.3125, 1.3807, 1.3807
58.8125, 1.3750, 1.3764, 1.3764
58.8750, 1.4375, 1.4101, 1.4101
58.8750, 1.5000, 1.4252, 1.4252
58.8750, 1.5625, 1.4252, 1.4252
58.8750, 1.6250, 1.4101, 1.4101
58.8750, 1.6875, 1.3975, 1.3975
58.8750, 1.7500, 1.3877, 1.3877
58.8750, 1.8125, 1.3807, 1.3807
58.8750, 1.8750, 1.3764, 1.3764
58.8750, 1.9375, 1.3750, 1.3750
58.8750, 2.0000, 1.3750, 1.3750
58.8750, 2.0625, 1.3750, 1.3750
58.8750, 2.1250, 1.3750, 1.3750
58.8750, 2.1875, 1.3750, 1.3750
58.9375, 2.2500, 1.4252, 1.4252
58.9375, 2.3125, 1.4101, 1.4101
58.9375, 2.3750, 1.3975, 1.3975
58.9375, 2.4375, 1.3877, 1.3877
58.9375, 2.5000, 1.3807, 1.3807
58.9375, 2.5625, 1.3764, 1.3764
58.9375, 2.6250, 1.3750, 1.3750
58.9375, 2.6875, 1.3750, 1.3750
58.9375, 2.7500, 1.3750, 1.3750
58.9375, 2.8125, 1.3750, 1.3750
58.9375, 2.8750, 1.3750, 1.3750
58.9375, 2.9375, 1.3750, 1.3750
59.0000, 3.0000, 1.4375, 1.4375
59.0000, 3.0625, 1.4375, 1.4375
59.0000, 3.1250, 1.4252, 1.4252
59.0000, 3.1875, 1.4101, 1.4101
59.0000, 3.2500, 1.3975, 1.3975
59.0000, 3.3125, 1.3877, 1.3877
59.0000, 3.3750, 1.3807, 1.3807
59.0000, 3.4375, 1.3764, 1.3764
59.0000, 3.5000, 1.3750, 1.3750
59.0000, 3.5625, 1.3750, 1.3750
59.0000, 3.6250, 1.3750, 1.3750
59.0000, 3.6875, 1.3750, 1.3750
59.0000, 3.7500, 1.3750, 1.3750
59.0000, 3.8125, 1.3750, 1.3750
59.0000, 3.8750, 1.3750, 1.3750
59.0000, 3.9375, 1.3750, 1.3750
59.0000, 4.0000, 1.3750, 1.3750
59.0000, 4.0625, 1.3750, 1.3750
59.0000, 4.1250, 1.3750, 1.3750
59.0000, 4.1875, 1.3750, 1.3750
59.0000, 4.2500, 1.3750, 1.3750
59.0000, 4.3125, 1.3750, 1.3750
59.0000, 4.3750, 1.3750, 1.3750
59.0000, 4.4375, 1.3750, 1.3750
59.0000, 4.5000, 1.3750, 1.3750
59.0625, 4.5625, 1.4375, 1.4375
59.0625, 4.6250, 1.4375, 1.4375
59.0625, 4.6875, 1.4375, 1.4375
59.0625, 4.7500, 1.4375, 1.4375
59.0625, 4.8125, 1.4375, 1.4375
59.0625, 4.8750, 1.4375, 1.4375
59.0625, 4.9375, 1.4375, 1.4375
59.0625, 5.0000, 1.4375, 1.4375
59.0625, 5.0625, 1.4375, 1.4375
59.0625, 5.1250, 1.4375, 1.4375
59.0625, 5.1875, 1.4375, 1.4375
59.0625, 5.2500, 1.4375, 1.4375
59.0625, 5.3125, 1.4375, 1.4375
59.0000, 5.3750, 1.3750, 1.3750
59.0000, 5.4375, 1.3750, 1.3750
59.0000, 5.5000, 1.3750, 1.3750
59.0000, 5.5625, 1.3750, 1.3750
59.0000, 5.6250, 1.3750, 1.3750
59.0000, 5.6875, 1.3750, 1.3750
59.0000, 5.7500, 1.3750, 1.3750
59.0000, 5.8125, 1.3750, 1.3750
59.0000, 5.8750, 1.3750, 1.3750
59.0000, 5.9375, 1.3750, 1.3750
59.0000, 6.0000, 1.3750, 1.3750
59.0000, 6.0625, 1.3750, 1.3750
59.0000, 6.1250, 1.3750, 1.3750
59.0000, 6.1875, 1.3750, 1.3750
59.0000, 6.2500, 1.3750, 1.3750
59.0000, 6.3125, 1.3750, 1.3750
59.0000, 6.3750, 1.3750, 1.3750
59.0000, 6.4375, 1.3750, 1.3750
59.0000, 6.5000, 1.3764, 1.3764
59.0000, 6.5625, 1.3807, 1.3807
59.0000, 6.6250, 1.3877, 1.3877
59.0000, 6.6875, 1.3975, 1.3975
59.0000, 6.7500, 1.4101, 1.4101
59.0000, 6.8125, 1.4252, 1.4252
59.0000, 6.8750, 1.4375, 1.4375
59.0000, 6.9375, 1.4375, 1.4375
58.9375, 7.0000, 1.3750, 1.3750
58.9375, 7.0625, 1.3750, 1.3750
58.9375, 7.1250, 1.3750, 1.3750
58.9375, 7.1875, 1.3750, 1.3750
58.9375, 7.2500, 1.3750, 1.3750
58.9375, 7.3125, 1.3750, 1.3750
58.9375, 7.3750, 1.3764, 1.3764
58.9375, 7.4375, 1.3807, 1.3807
58.9375, 7.5000, 1.3877, 1.3877
58.9375, 7.5625, 1.3975, 1.3975
58.9375, 7.6250, 1.4101, 1.4101
58.9375, 7.6875, 1.4252, 1.4252
58.8750, 7.7500, 1.3750, 1.3750
58.8750, 7.8125, 1.3750, 1.3750
58.8750, 7.8750, 1.3750, 1.3750
58.8750, 7.9375, 1.3750, 1.3750
58.8750, 8.0000, 1.3750, 1.3750
58.8750, 8.0625, 1.3764, 1.3764
58.8750, 8.1250, 1.3807, 1.3807
58.8750, 8.1875, 1.3877, 1.3877
58.8750, 8.2500, 1.3975, 1.3975
58.8750, 8.3125, 1.4101, 1.4101
58.8750, 8.3750, 1.4252, 1.4252
58.8750, 8.4375, 1.4252, 1.4252
58.8750, 8.5000, 1.4101, 1.4101
58.8125, 8.5625, 1.3764, 1.3764
58.8125, 8.6250, 1.3807, 1.3807
58.8125, 8.6875, 1.3877, 1.3877
58.8125, 8.7500, 1.3975, 1.3975
58.8125, 8.8125, 1.4101, 1.4101
58.8125, 8.8750, 1.4252, 1.4252
58.7500, 8.9375, 1.3750, 1.3750
58.7500, 9.0000, 1.3750, 1.3750
58.7500, 9.0625, 1.3764, 1.3764
58.7500, 9.1250, 1.3807, 1.3807
58.7500, 9.1875, 1.3877, 1.3877
58.7500, 9.2500, 1.3975, 1.3975
58.6875, 9.3125, 1.3492, 1.3492
58.6875, 9.3750, 1.3650, 1.3650
58.6875, 9.4375, 1.3764, 1.3764
58.6875, 9.5000, 1.3807, 1.3807
58.6875, 9.5625, 1.3877, 1.3877
58.6875, 9.6250, 1.3975, 1.3975
58.6875, 9.6875, 1.4101, 1.4101
58.6250, 9.7500, 1.3650, 1.3650
58.6250, 9.8125, 1.3764, 1.3764
58.6250, 9.8750, 1.3807, 1.3807
58.6250, 9.9375, 1.3877, 1.3877
58.6250, 10.0000, 1.3975, 1.3975
58.6250, 10.0625, 1.4101, 1.4101
58.6250, 10.1250, 1.4252, 1.4252
58.6250, 10.1875, 1.4101, 1.4101
58.5625, 10.2500, 1.3807, 1.3807
58.5625, 10.3125, 1.3877, 1.3877
58.5625, 10.3750, 1.3975, 1.3975
58.5625, 10.4375, 1.4101, 1.4101
58.5625, 10.5000, 1.4101, 1.4101
58.5000, 10.5625, 1.3807, 1.3807
58.5000, 10.6250, 1.3877, 1.3877
58.5000, 10.6875, 1.3975, 1.3975
58.5000, 10.7500, 1.4101, 1.4101
58.5000, 10.8125, 1.4101, 1.4101
58.4375, 10.8750, 1.3807, 1.3807
58.4375, 10.9375, 1.3877, 1.3877
58.4375, 11.0000, 1.3975, 1.3975
58.4375, 11.0625, 1.4101, 1.4101
58.3750, 11.1250, 1.3650, 1.3650
58.3750, 11.1875, 1.3835, 1.3835
58.3750, 11.2500, 1.3975, 1.3975
58.3750, 11.3125, 1.4101, 1.4101
58.3125, 11.3750, 1.3650, 1.3650
58.3125, 11.4375, 1.3807, 1.3807
58.3125, 11.5000, 1.3877, 1.3877
58.3125, 11.5625, 1.3975, 1.3975
58.2500, 11.6250, 1.3492, 1.3492
58.2500, 11.6875, 1.3650, 1.3650
58.2500, 11.7500, 1.3835, 1.3835
58.2500, 11.8125, 1.3975, 1.3975
58.2500, 11.8750, 1.4101, 1.4101
58.1875, 11.9375, 1.3650, 1.3650
58.1875, 12.0000, 1.3835, 1.3835
58.1875, 12.0625, 1.3975, 1.3975
58.1875, 12.1250, 1.4101, 1.4101
58.1250, 12.1875, 1.3650, 1.3650
58.1250, 12.2500, 1.3835, 1.3835
58.1250, 12.3125, 1.3975, 1.3975
58.1250, 12.3750, 1.4101, 1.4101
58.1250, 12.4375, 1.4101, 1.4101
58.0625, 12.5000, 1.3835, 1.3835
58.0625, 12.5625, 1.3975, 1.3975
58.0625, 12.6250, 1.4101, 1.4101
58.0625, 12.6875, 1.4101, 1.4101
58.0000, 12.7500, 1.3835, 1.3835
58.0000, 12.8125, 1.4045, 1.4045
58.0000, 12.8750, 1.4252, 1.4252
57.9375, 12.9375, 1.3835, 1.3835
57.9375, 13.0000, 1.3975, 1.3975
57.9375, 13.0625, 1.4101, 1.4101
57.9375, 13.1250, 1.4101, 1.4101
57.8750, 13.1875, 1.3835, 1.3835
57.8750, 13.2500, 1.4045, 1.4045
57.8750, 13.3125, 1.4252, 1.4252
57.8125, 13.3750, 1.3835, 1.3835
57.8125, 13.4375, 1.3975, 1.3975
57.8125, 13.5000, 1.4101, 1.4101
57.8125, 13.5625, 1.4045, 1.4045
57.7500, 13.6250, 1.3835, 1.3835
57.7500, 13.6875, 1.4045, 1.4045
57.7500, 13.7500, 1.4045, 1.4045
57.6875, 13.8125, 1.3835, 1.3835
57.6875, 13.8750, 1.4045, 1.4045
57.6875, 13.9375, 1.4045, 1.4045
57.6250, 14.0000, 1.3835, 1.3835
57.6250, 14.0625, 1.4045, 1.4045
57.6250, 14.1250, 1.4101, 1.4101
57.5625, 14.1875, 1.3835, 1.3835
57.5625, 14.2500, 1.4045, 1.4045
57.5000, 14.3125, 1.3650, 1.3650
57.5000, 14.3750, 1.3835, 1.3835
57.5000, 14.4375, 1.4045, 1.4045
57.4375, 14.5000, 1.3650, 1.3650
57.4375, 14.5625, 1.3835, 1.3835
57.4375, 14.6250, 1.4045, 1.4045
57.3750, 14.6875, 1.3650, 1.3650
57.3750, 14.7500, 1.3835, 1.3835
57.3750, 14.8125, 1.4045, 1.4045
57.3125, 14.8750, 1.3650, 1.3650
57.3125, 14.9375, 1.3835, 1.3835
57.3125, 15.0000, 1.4045, 1.4045
57.2500, 15.0625, 1.3707, 1.3707
57.2500, 15.1250, 1.3975, 1.3975
57.2500, 15.1875, 1.4252, 1.4252
57.1875, 15.2500, 1.3835, 1.3835
57.1875, 15.3125, 1.4045, 1.4045
57.1875, 15.3750, 1.4045, 1.4045
57.1250, 15.4375, 1.3835, 1.3835
57.1250, 15.5000, 1.4045, 1.4045
57.1250, 15.5625, 1.4045, 1.4045
57.0625, 15.6250, 1.3975, 1.3975
57.0625, 15.6875, 1.4252, 1.4252
57.0000, 15.7500, 1.3835, 1.3835
57.0000, 15.8125, 1.4045, 1.4045
57.0000, 15.8750, 1.4252, 1.4252
56.9375, 15.9375, 1.3975, 1.3975
56.9375, 16.0000, 1.4252, 1.4252
56.9375, 16.0625, 1.3975, 1.3975
56.8750, 16.1250, 1.4045, 1.4045
56.8750, 16.1875, 1.4045, 1.4045
56.8125, 16.2500, 1.3975, 1.3975
56.8125, 16.3125, 1.4252, 1.4252
56.7500, 16.3750, 1.3835, 1.3835
56.7500, 16.4375, 1.4045, 1.4045
56.7500, 16.5000, 1.4045, 1.4045
56.6875, 16.5625, 1.3975, 1.3975
56.6875, 16.6250, 1.4252, 1.4252
56.6250, 16.6875, 1.3975, 1.3975
56.6250, 16.7500, 1.4266, 1.4266
56.5625, 16.8125, 1.3975, 1.3975
56.5625, 16.8750, 1.4252, 1.4252
56.5625, 16.9375, 1.4045, 1.4045
56.5000, 17.0000, 1.4045, 1.4045
56.5000, 17.0625, 1.4252, 1.4252
56.4375, 17.1250, 1.3975, 1.3975
56.4375, 17.1875, 1.4266, 1.4266
56.3750, 17.2500, 1.3975, 1.3975
56.3750, 17.3125, 1.4266, 1.4266
56.3125, 17.3750, 1.3975, 1.3975
56.3125, 17.4375, 1.4252, 1.4252
56.3125, 17.5000, 1.3975, 1.3975
56.2500, 17.5625, 1.4045, 1.4045
56.2500, 17.6250, 1.4045, 1.4045
56.1875, 17.6875, 1.3975, 1.3975
56.1875, 17.7500, 1.4252, 1.4252
56.1250, 17.8125, 1.3975, 1.3975
56.1250, 17.8750, 1.4266, 1.4266
56.0625, 17.9375, 1.3975, 1.3975
56.0625, 18.0000, 1.4266, 1.4266
56.0000, 18.0625, 1.3975, 1.3975
56.0000, 18.1250, 1.4266, 1.4266
55.9375, 18.1875, 1.3975, 1.3975
55.9375, 18.2500, 1.4266, 1.4266
55.8750, 18.3125, 1.3975, 1.3975
55.8750, 18.3750, 1.4266, 1.4266
55.8125, 18.4375, 1.3975, 1.3975
55.8125, 18.5000, 1.4266, 1.4266
55.7500, 18.5625, 1.3975, 1.3975
55.6875, 18.6250, 1.3707, 1.3707
55.6875, 18.6875, 1.3975, 1.3975
55.6250, 18.7500, 1.3707, 1.3707
55.6250, 18.8125, 1.3975, 1.3975
55.5625, 18.8750, 1.3722, 1.3722
55.5625, 18.9375, 1.4045, 1.4045
55.5000, 19.0000, 1.3877, 1.3877
55.5000, 19.0625, 1.4252, 1.4252
55.4375, 19.1250, 1.3975, 1.3975
55.4375, 19.1875, 1.4266, 1.4266
55.4375, 19.2500, 1.3975, 1.3975
55.3750, 19.3125, 1.4266, 1.4266
55.3125, 19.3750, 1.4045, 1.4045
55.2500, 19.4375, 1.3877, 1.3877
55.2500, 19.5000, 1.4252, 1.4252
55.1875, 19.5625, 1.3975, 1.3975
55.1875, 19.6250, 1.4266, 1.4266
55.1875, 19.6875, 1.3975, 1.3975
55.1250, 19.7500, 1.4266, 1.4266
55.0625, 19.8125, 1.4045, 1.4045
55.0000, 19.8750, 1.3877, 1.3877
55.0000, 19.9375, 1.4252, 1.4252
54.9375, 20.0000, 1.3975, 1.3975
54.9375, 20.0625, 1.4266, 1.4266
54.8750, 20.1250, 1.3975, 1.3975
54.8125, 20.1875, 1.3722, 1.3722
54.8125, 20.2500, 1.4045, 1.4045
54.7500, 20.3125, 1.3877, 1.3877
54.7500, 20.3750, 1.4252, 1.4252
54.6875, 20.4375, 1.4045, 1.4045
54.6875, 20.5000, 1.4045, 1.4045
54.6250, 20.5625, 1.4252, 1.4252
54.5625, 20.6250, 1.3975, 1.3975
54.5625, 20.6875, 1.4252, 1.4252
54.5000, 20.7500, 1.4045, 1.4045
54.4375, 20.8125, 1.3877, 1.3877
54.4375, 20.8750, 1.4252, 1.4252
54.3750, 20.9375, 1.4045, 1.4045
54.3750, 21.0000, 1.4045, 1.4045
54.3125, 21.0625, 1.4252, 1.4252
54.2500, 21.1250, 1.3975, 1.3975
54.2500, 21.1875, 1.4252, 1.4252
54.1875, 21.2500, 1.4045, 1.4045
54.1250, 21.3125, 1.3877, 1.3877
54.1250, 21.3750, 1.4252, 1.4252
54.0625, 21.4375, 1.4045, 1.4045
54.0000, 21.5000, 1.3877, 1.3877
54.0000, 21.5625, 1.4170, 1.4170
53.9375, 21.6250, 1.4170, 1.4170
53.8750, 21.6875, 1.4045, 1.4045
53.8750, 21.7500, 1.4045, 1.4045
53.8125, 21.8125, 1.4252, 1.4252
53.7500, 21.8750, 1.4045, 1.4045
53.7500, 21.9375, 1.4045, 1.4045
53.6875, 22.0000, 1.4252, 1.4252
53.6250, 22.0625, 1.4170, 1.4170
53.6250, 22.1250, 1.4045, 1.4045
53.5625, 22.1875, 1.4252, 1.4252
53.5000, 22.2500, 1.4252, 1.4252
53.4375, 22.3125, 1.4045, 1.4045
53.4375, 22.3750, 1.4170, 1.4170
53.3750, 22.4375, 1.4252, 1.4252
53.3125, 22.5000, 1.4045, 1.4045
53.2500, 22.5625, 1.3877, 1.3877
53.2500, 22.6250, 1.4170, 1.4170
53.1875, 22.6875, 1.4170, 1.4170
53.1250, 22.7500, 1.4142, 1.4142
53.0625, 22.8125, 1.4045, 1.4045
53.0000, 22.8750, 1.3877, 1.3877
53.0000, 22.9375, 1.4170, 1.4170
52.9375, 23.0000, 1.4170, 1.4170
52.8750, 23.0625, 1.4045, 1.4045
52.8125, 23.1250, 1.3877, 1.3877
52.8125, 23.1875, 1.4170, 1.4170
52.7500, 23.2500, 1.4170, 1.4170
52.6875, 23.3125, 1.4142, 1.4142
52.6250, 23.3750, 1.4045, 1.4045
52.6250, 23.4375, 1.4170, 1.4170
52.5625, 23.5000, 1.4252, 1.4252
52.5000, 23.5625, 1.4170, 1.4170
52.4375, 23.6250, 1.4045, 1.4045
52.3750, 23.6875, 1.3877, 1.3877
52.3125, 23.7500, 1.3764, 1.3764
52.3125, 23.8125, 1.4170, 1.4170
52.2500, 23.8750, 1.4142, 1.4142
52.1875, 23.9375, 1.4142, 1.4142
52.1250, 24.0000, 1.4142, 1.4142
52.0625, 24.0625, 1.4142, 1.4142
52.0000, 24.1250, 1.4045, 1.4045
51.9375, 24.1875, 1.3877, 1.3877
51.8750, 24.2500, 1.3764, 1.3764
51.8750, 24.3125, 1.4170, 1.4170
51.8125, 24.3750, 1.4142, 1.4142
51.7500, 24.4375, 1.4142, 1.4142
51.6875, 24.5000, 1.4142, 1.4142
51.6250, 24.5625, 1.4045, 1.4045
51.5625, 24.6250, 1.3877, 1.3877
51.5000, 24.6875, 1.3764, 1.3764
51.5000, 24.7500, 1.4170, 1.4170
51.4375, 24.8125, 1.4142, 1.4142
51.3750, 24.8750, 1.4142, 1.4142
51.3125, 24.9375, 1.4142, 1.4142
51.2500, 25.0000, 1.4142, 1.4142
51.1875, 25.0625, 1.4142, 1.4142
51.1250, 25.1250, 1.4142, 1.4142
51.0625, 25.1875, 1.4142, 1.4142
51.0000, 25.2500, 1.4142, 1.4142
50.9375, 25.3125, 1.4142, 1.4142
50.8750, 25.3750, 1.4142, 1.4142
50.8125, 25.4375, 1.4142, 1.4142
50.7500, 25.5000, 1.4142, 1.4142
50.6875, 25.5625, 1.4142, 1.4142
50.6250, 25.6250, 1.4045, 1.4045
50.5625, 25.6875, 1.3877, 1.3877
50.5000, 25.7500, 1.3764, 1.3764
50.5000, 25.8125, 1.4142, 1.4142
50.4375, 25.8750, 1.4142, 1.4142
50.3750, 25.9375, 1.4142, 1.4142
50.3125, 25.9375, 1.3764, 1.3764
50.2500, 26.0000, 1.3877, 1.3877
50.1875, 26.0625, 1.4045, 1.4045
50.1250, 26.1250, 1.4142, 1.4142
50.0625, 26.1875, 1.4142, 1.4142
50.0000, 26.2500, 1.4142, 1.4142
49.9375, 26.3125, 1.4142, 1.4142
49.8750, 26.3750, 1.4142, 1.4142
49.8125, 26.4375, 1.4142, 1.4142
49.7500, 26.5000, 1.4142, 1.4142
49.6875, 26.5625, 1.4142, 1.4142
49.6250, 26.6250, 1.4142, 1.4142
49.5625, 26.6875, 1.4142, 1.4142
49.5000, 26.7500, 1.4142, 1.4142
49.4375, 26.8125, 1.4142, 1.4142
49.3750, 26.8750, 1.4142, 1.4142
49.3125, 26.9375, 1.4142, 1.4142
49.2500, 27.0000, 1.4170, 1.4170
49.1875, 27.0000, 1.3764, 1.3764
49.1250, 27.0625, 1.3877, 1.3877
49.0625, 27.1250, 1.4045, 1.4045
49.0000, 27.1875, 1.4142, 1.4142
48.9375, 27.2500, 1.4142, 1.4142
48.8750, 27.3125, 1.4142, 1.4142
48.8125, 27.3750, 1.4170, 1.4170
48.7500, 27.3750, 1.3764, 1.3764
48.6875, 27.4375, 1.3877, 1.3877
48.6250, 27.5000, 1.4045, 1.4045
48.5625, 27.5625, 1.4142, 1.4142
48.5000, 27.6250, 1.4142, 1.4142
48.4375, 27.6875, 1.4142, 1.4142
48.3750, 27.7500, 1.4142, 1.4142
48.3125, 27.8125, 1.4142, 1.4142
48.2500, 27.8125, 1.3764, 1.3764
48.1875, 27.8750, 1.3877, 1.3877
48.1250, 27.9375, 1.4045, 1.4045
48.0625, 28.0000, 1.4170, 1.4170
48.0000, 28.0625, 1.4170, 1.4170
47.9375, 28.0625, 1.3877, 1.3877
47.8750, 28.1250, 1.4045, 1.4045
47.8125, 28.1875, 1.4142, 1.4142
47.7500, 28.2500, 1.4170, 1.4170
47.6875, 28.3125, 1.4170, 1.4170
47.6250, 28.3125, 1.3877, 1.3877
47.5625, 28.3750, 1.4045, 1.4045
47.5000, 28.4375, 1.4142, 1.4142
47.4375, 28.5000, 1.4170, 1.4170
47.3750, 28.5000, 1.3764, 1.3764
47.3125, 28.5625, 1.3877, 1.3877
47.2500, 28.6250, 1.4045, 1.4045
47.1875, 28.6875, 1.4170, 1.4170
47.1250, 28.6875, 1.3764, 1.3764
47.0625, 28.7500, 1.3877, 1.3877
47.0000, 28.8125, 1.4045, 1.4045
46.9375, 28.8750, 1.4252, 1.4252
46.8750, 28.9375, 1.4045, 1.4045
46.8125, 28.9375, 1.4045, 1.4045
46.7500, 29.0000, 1.4170, 1.4170
46.6875, 29.0625, 1.4170, 1.4170
46.6250, 29.0625, 1.3877, 1.3877
46.5625, 29.1250, 1.4045, 1.4045
46.5000, 29.1875, 1.4252, 1.4252
46.4375, 29.2500, 1.4045, 1.4045
46.3750, 29.2500, 1.4045, 1.4045
46.3125, 29.3125, 1.4170, 1.4170
46.2500, 29.3750, 1.4045, 1.4045
46.1875, 29.3750, 1.3877, 1.3877
46.1250, 29.4375, 1.4045, 1.4045
46.0625, 29.5000, 1.4170, 1.4170
46.0000, 29.5000, 1.3877, 1.3877
45.9375, 29.5625, 1.4045, 1.4045
45.8750, 29.6250, 1.4252, 1.4252
45.8125, 29.6875, 1.4045, 1.4045
45.7500, 29.6875, 1.4045, 1.4045
45.6875, 29.7500, 1.4252, 1.4252
45.6250, 29.7500, 1.3877, 1.3877
45.5625, 29.8125, 1.4045, 1.4045
45.5000, 29.8750, 1.4045, 1.4045
45.4375, 29.8750, 1.3975, 1.3975
45.3750, 29.9375, 1.4252, 1.4252
45.3125, 30.0000, 1.4045, 1.4045
45.2500, 30.0000, 1.4045, 1.4045
45.1875, 30.0625, 1.4252, 1.4252
45.1250, 30.0625, 1.3877, 1.3877
45.0625, 30.1250, 1.4045, 1.4045
45.0000, 30.1875, 1.4045, 1.4045
44.9375, 30.1875, 1.3975, 1.3975
44.8750, 30.2500, 1.4252, 1.4252
44.8125, 30.2500, 1.3877, 1.3877
44.7500, 30.3125, 1.4045, 1.4045
44.6875, 30.3750, 1.4252, 1.4252
44.6250, 30.3750, 1.3975, 1.3975
44.5625, 30.4375, 1.4252, 1.4252
44.5000, 30.5000, 1.4045, 1.4045
44.4375, 30.5000, 1.4045, 1.4045
44.3750, 30.5625, 1.4252, 1.4252
44.3125, 30.5625, 1.3975, 1.3975
44.2500, 30.6250, 1.4266, 1.4266
44.1875, 30.6875, 1.3975, 1.3975
44.1250, 30.6875, 1.4252, 1.4252
44.0625, 30.7500, 1.3975, 1.3975
44.0000, 30.7500, 1.4045, 1.4045
43.9375, 30.8125, 1.4045, 1.4045
43.8750, 30.8125, 1.3975, 1.3975
43.8125, 30.8750, 1.4252, 1.4252
43.7500, 30.8750, 1.3975, 1.3975
43.6875, 30.9375, 1.4252, 1.4252
43.6250, 31.0000, 1.3975, 1.3975
43.5625, 31.0000, 1.4045, 1.4045
43.5000, 31.0625, 1.3975, 1.3975
43.4375, 31.0625, 1.3975, 1.3975
43.3750, 31.1250, 1.3975, 1.3975
43.3125, 31.1250, 1.3975, 1.3975
43.2500, 31.1875, 1.4045, 1.4045
43.1875, 31.1875, 1.3975, 1.3975
43.1250, 31.2500, 1.4252, 1.4252
43.0625, 31.2500, 1.3975, 1.3975
43.0000, 31.3125, 1.4266, 1.4266
42.9375, 31.3125, 1.3975, 1.3975
42.8750, 31.3750, 1.4266, 1.4266
42.8125, 31.3750, 1.3975, 1.3975
42.7500, 31.4375, 1.4266, 1.4266
42.6875, 31.4375, 1.3975, 1.3975
42.6250, 31.5000, 1.4252, 1.4252
42.5625, 31.5000, 1.3975, 1.3975
42.5000, 31.5625, 1.4045, 1.4045
42.4375, 31.5625, 1.4045, 1.4045
42.3750, 31.6250, 1.3975, 1.3975
42.3125, 31.6250, 1.4252, 1.4252
42.2500, 31.6875, 1.3975, 1.3975
42.1875, 31.6875, 1.4266, 1.4266
42.1250, 31.7500, 1.3975, 1.3975
42.0625, 31.7500, 1.4266, 1.4266
42.0000, 31.7500, 1.3975, 1.3975
41.9375, 31.8125, 1.4266, 1.4266
41.8750, 31.8125, 1.3975, 1.3975
41.8125, 31.8750, 1.4266, 1.4266
41.7500, 31.8750, 1.3975, 1.3975
41.6875, 31.9375, 1.4252, 1.4252
41.6250, 31.9375, 1.3975, 1.3975
41.5625, 32.0000, 1.4045, 1.4045
41.5000, 32.0000, 1.4045, 1.4045
41.4375, 32.0625, 1.3975, 1.3975
41.3750, 32.0625, 1.4252, 1.4252
41.3125, 32.0625, 1.3975, 1.3975
41.2500, 32.1250, 1.4252, 1.4252
41.1875, 32.1250, 1.3975, 1.3975
41.1250, 32.1875, 1.4045, 1.4045
41.0625, 32.1875, 1.3975, 1.3975
41.0000, 32.1875, 1.3707, 1.3707
40.9375, 32.2500, 1.4045, 1.4045
40.8750, 32.2500, 1.3835, 1.3835
40.8125, 32.3125, 1.4252, 1.4252
40.7500, 32.3125, 1.3975, 1.3975
40.6875, 32.3750, 1.4045, 1.4045
40.6250, 32.3750, 1.4045, 1.4045
40.5625, 32.3750, 1.3835, 1.3835
40.5000, 32.4375, 1.4252, 1.4252
40.4375, 32.4375, 1.3975, 1.3975
40.3750, 32.5000, 1.4252, 1.4252
40.3125, 32.5000, 1.4045, 1.4045
40.2500, 32.5000, 1.3835, 1.3835
40.1875, 32.5625, 1.4252, 1.4252
40.1250, 32.5625, 1.4045, 1.4045
40.0625, 32.6250, 1.4045, 1.4045
40.0000, 32.6250, 1.4252, 1.4252
39.9375, 32.6250, 1.3975, 1.3975
39.8750, 32.6875, 1.4252, 1.4252
39.8125, 32.6875, 1.4045, 1.4045
39.7500, 32.6875, 1.3835, 1.3835
39.6875, 32.7500, 1.4252, 1.4252
39.6250, 32.7500, 1.3975, 1.3975
39.5625, 32.7500, 1.3707, 1.3707
39.5000, 32.8125, 1.4045, 1.4045
39.4375, 32.8125, 1.3835, 1.3835
39.3750, 32.8750, 1.4252, 1.4252
39.3125, 32.8750, 1.4045, 1.4045
39.2500, 32.8750, 1.3835, 1.3835
39.1875, 32.9375, 1.4252, 1.4252
39.1250, 32.9375, 1.4045, 1.4045
39.0625, 32.9375, 1.3835, 1.3835
39.0000, 33.0000, 1.4252, 1.4252
38.9375, 33.0000, 1.4045, 1.4045
38.8750, 33.0000, 1.3835, 1.3835
38.8125, 33.0625, 1.4252, 1.4252
38.7500, 33.0625, 1.4045, 1.4045
38.6875, 33.0625, 1.3835, 1.3835
38.6250, 33.1250, 1.4252, 1.4252
38.5625, 33.1250, 1.4045, 1.4045
38.5000, 33.1250, 1.3835, 1.3835
38.4375, 33.1875, 1.4252, 1.4252
38.3750, 33.1875, 1.4045, 1.4045
38.3125, 33.1875, 1.3835, 1.3835
38.2500, 33.2500, 1.4252, 1.4252
38.1875, 33.2500, 1.4045, 1.4045
38.1250, 33.2500, 1.3835, 1.3835
38.0625, 33.3125, 1.4252, 1.4252
38.0000, 33.3125, 1.4101, 1.4101
37.9375, 33.3125, 1.3975, 1.3975
37.8750, 33.3750, 1.4101, 1.4101
37.8125, 33.3750, 1.4252, 1.4252
37.7500, 33.3750, 1.4045, 1.4045
37.6875, 33.3750, 1.3835, 1.3835
37.6250, 33.4375, 1.4252, 1.4252
37.5625, 33.4375, 1.4101, 1.4101
37.5000, 33.4375, 1.3975, 1.3975
37.4375, 33.5000, 1.4101, 1.4101
37.3750, 33.5000, 1.4252, 1.4252
37.3125, 33.5000, 1.4045, 1.4045
37.2500, 33.5000, 1.3835, 1.3835
37.1875, 33.5625, 1.4101, 1.4101
37.1250, 33.5625, 1.4101, 1.4101
37.0625, 33.5625, 1.3975, 1.3975
37.0000, 33.5625, 1.3835, 1.3835
36.9375, 33.6250, 1.4252, 1.4252
36.8750, 33.6250, 1.4045, 1.4045
36.8125, 33.6250, 1.3835, 1.3835
36.7500, 33.6250, 1.3650, 1.3650
36.6875, 33.6250, 1.3492, 1.3492
36.6250, 33.6875, 1.3975, 1.3975
36.5625, 33.6875, 1.3877, 1.3877
36.5000, 33.6875, 1.3807, 1.3807
36.4375, 33.6875, 1.3650, 1.3650
36.3750, 33.7500, 1.4101, 1.4101
36.3125, 33.7500, 1.3975, 1.3975
36.2500, 33.7500, 1.3835, 1.3835
36.1875, 33.7500, 1.3650, 1.3650
36.1250, 33.8125, 1.4101, 1.4101
36.0625, 33.8125, 1.3975, 1.3975
36.0000, 33.8125, 1.3877, 1.3877
35.9375, 33.8125, 1.3807, 1.3807
35.8750, 33.8750, 1.4252, 1.4252
35.8125, 33.8750, 1.4101, 1.4101
35.7500, 33.8750, 1.3975, 1.3975
35.6875, 33.8750, 1.3835, 1.3835
35.6250, 33.9375, 1.4101, 1.4101
35.5625, 33.9375, 1.4101, 1.4101
35.5000, 33.9375, 1.3975, 1.3975
35.4375, 33.9375, 1.3877, 1.3877
35.3750, 34.0000, 1.4101, 1.4101
35.3125, 34.0000, 1.4252, 1.4252
35.2500, 34.0000, 1.4101, 1.4101
35.1875, 34.0000, 1.3975, 1.3975
35.1250, 34.0000, 1.3877, 1.3877
35.0625, 34.0000, 1.3807, 1.3807
35.0000, 34.0625, 1.4252, 1.4252
34.9375, 34.0625, 1.4101, 1.4101
34.8750, 34.0625, 1.3975, 1.3975
34.8125, 34.0625, 1.3877, 1.3877
34.7500, 34.0625, 1.3807, 1.3807
34.6875, 34.1250, 1.4101, 1.4101
34.6250, 34.1250, 1.4252, 1.4252
34.5625, 34.1250, 1.4101, 1.4101
34.5000, 34.1250, 1.3975, 1.3975
34.4375, 34.1250, 1.3877, 1.3877
34.3750, 34.1250, 1.3807, 1.3807
34.3125, 34.1250, 1.3764, 1.3764
34.2500, 34.1250, 1.3650, 1.3650
34.1875, 34.1875, 1.4101, 1.4101
34.1250, 34.1875, 1.3975, 1.3975
34.0625, 34.1875, 1.3877, 1.3877
34.0000, 34.1875, 1.3807, 1.3807
33.9375, 34.1875, 1.3764, 1.3764
33.8750, 34.1875, 1.3650, 1.3650
33.8125, 34.1875, 1.3492, 1.3492
33.7500, 34.2500, 1.3975, 1.3975
33.6875, 34.2500, 1.3877, 1.3877
33.6250, 34.2500, 1.3807, 1.3807
33.5625, 34.2500, 1.3764, 1.3764
33.5000, 34.2500, 1.3750, 1.3750
33.4375, 34.2500, 1.3750, 1.3750
33.3750, 34.3125, 1.4252, 1.4252
33.3125, 34.3125, 1.4101, 1.4101
33.2500, 34.3125, 1.3975, 1.3975
33.1875, 34.3125, 1.3877, 1.3877
33.1250, 34.3125, 1.3807, 1.3807
33.0625, 34.3125, 1.3764, 1.3764
33.0000, 34.3750, 1.4252, 1.4252
32.9375, 34.3750, 1.4375, 1.4375
32.8750, 34.3750, 1.4252, 1.4252
32.8125, 34.3750, 1.4101, 1.4101
32.7500, 34.3750, 1.3975, 1.3975
32.6875, 34.3750, 1.3877, 1.3877
32.6250, 34.3750, 1.3807, 1.3807
32.5625, 34.3750, 1.3764, 1.3764
32.5000, 34.3750, 1.3750, 1.3750
32.4375, 34.3750, 1.3750, 1.3750
32.3750, 34.3750, 1.3750, 1.3750
32.3125, 34.4375, 1.4375, 1.4375
32.2500, 34.4375, 1.4252, 1.4252
32.1875, 34.4375, 1.4101, 1.4101
32.1250, 34.4375, 1.3975, 1.3975
32.0625, 34.4375, 1.3877, 1.3877
32.0000, 34.4375, 1.3807, 1.3807
31.9375, 34.4375, 1.3764, 1.3764
31.8750, 34.4375, 1.3750, 1.3750
31.8125, 34.4375, 1.3750, 1.3750
31.7500, 34.4375, 1.3750, 1.3750
31.6875, 34.4375, 1.3750, 1.3750
31.6250, 34.4375, 1.3750, 1.3750
31.5625, 34.4375, 1.3750, 1.3750
31.5000, 34.5000, 1.4375, 1.4375
31.4375, 34.5000, 1.4252, 1.4252
31.3750, 34.5000, 1.4101, 1.4101
31.3125, 34.5000, 1.3975, 1.3975
31.2500, 34.5000, 1.3877, 1.3877
31.1875, 34.5000, 1.3807, 1.3807
31.1250, 34.5000, 1.3764, 1.3764
31.0625, 34.5000, 1.3750, 1.3750
31.0000, 34.5000, 1.3750, 1.3750
30.9375, 34.5000, 1.3750, 1.3750
30.8750, 34.5000, 1.3750, 1.3750
30.8125, 34.5000, 1.3750, 1.3750
30.7500, 34.5000, 1.3750, 1.3750
30.6875, 34.5000, 1.3750, 1.3750
30.6250, 34.5000, 1.3750, 1.3750
30.5625, 34.5000, 1.3750, 1.3750
30.5000, 34.5000, 1.3750, 1.3750
30.4375, 34.5000, 1.3750, 1.3750
30.3750, 34.5000, 1.3750, 1.3750
30.3125, 34.5000, 1.3750, 1.3750
30.2500, 34.5000, 1.3750, 1.3750
30.1875, 34.5000, 1.3750, 1.3750
30.1250, 34.5000, 1.3750, 1.3750
30.0625, 34.5000, 1.3750, 1.3750
30.0000, 34.5000, 1.3750, 1.3750
29.9375, 34.5625, 1.4375, 1.4375
29.8750, 34.5625, 1.4375, 1.4375
29.8125, 34.5625, 1.4375, 1.4375
29.7500, 34.5625, 1.4375, 1.4375
29.6875, 34.5625, 1.4375, 1.4375
29.6250, 34.5625, 1.4375, 1.4375
29.5625, 34.5625, 1.4375, 1.4375
29.5000, 34.5625, 1.4375, 1.4375
29.4375, 34.5625, 1.4375, 1.4375
29.3750, 34.5625, 1.4375, 1.4375
29.3125, 34.5625, 1.4375, 1.4375
29.2500, 34.5625, 1.4375, 1.4375
29.1875, 34.5625, 1.4375, 1.4375
29.1250, 34.5625, 1.4375, 1.4375
29.0625, 34.5625, 1.4375, 1.4375
29.0000, 34.5625, 1.4375, 1.4375
28.9375, 34.5000, 1.3750, 1.3750
28.8750, 34.5000, 1.3750, 1.3750
28.8125, 34.5000, 1.3750, 1.3750
28.7500, 34.5000, 1.3750, 1.3750
28.6875, 34.5000, 1.3750, 1.3750
28.6250, 34.5000, 1.3750, 1.3750
28.5625, 34.5000, 1.3750, 1.3750
28.5000, 34.5000, 1.3750, 1.3750
28.4375, 34.5000, 1.3750, 1.3750
28.3750, 34.5000, 1.3750, 1.3750
28.3125, 34.5000, 1.3750, 1.3750
28.2500, 34.5000, 1.3750, 1.3750
28.1875, 34.5000, 1.3750, 1.3750
28.1250, 34.5000, 1.3750, 1.3750
28.0625, 34.5000, 1.3750, 1.3750
28.0000, 34.5000, 1.3750, 1.3750
27.9375, 34.5000, 1.3750, 1.3750
27.8750, 34.5000, 1.3750, 1.3750
27.8125, 34.5000, 1.3764, 1.3764
27.7500, 34.5000, 1.3807, 1.3807
27.6875, 34.5000, 1.3877, 1.3877
27.6250, 34.5000, 1.3975, 1.3975
27.5625, 34.5000, 1.4101, 1.4101
27.5000, 34.5000, 1.4252, 1.4252
27.4375, 34.5000, 1.4375, 1.4375
27.3750, 34.4375, 1.3750, 1.3750
27.3125, 34.4375, 1.3750, 1.3750
27.2500, 34.4375, 1.3750, 1.3750
27.1875, 34.4375, 1.3750, 1.3750
27.1250, 34.4375, 1.3750, 1.3750
27.0625, 34.4375, 1.3750, 1.3750
27.0000, 34.4375, 1.3764, 1.3764
26.9375, 34.4375, 1.3807, 1.3807
26.8750, 34.4375, 1.3877, 1.3877
26.8125, 34.4375, 1.3975, 1.3975
26.7500, 34.4375, 1.4101, 1.4101
26.6875, 34.4375, 1.4252, 1.4252
26.6250, 34.4375, 1.4375, 1.4375
26.5625, 34.3750, 1.3750, 1.3750
26.5000, 34.3750, 1.3750, 1.3750
26.4375, 34.3750, 1.3750, 1.3750
26.3750, 34.3750, 1.3764, 1.3764
26.3125, 34.3750, 1.3807, 1.3807
26.2500, 34.3750, 1.3877, 1.3877
26.1875, 34.3750, 1.3975, 1.3975
26.1250, 34.3750, 1.4101, 1.4101
26.0625, 34.3750, 1.4252, 1.4252
26.0000, 34.3750, 1.4375, 1.4375
25.9375, 34.3750, 1.4252, 1.4252
25.8750, 34.3125, 1.3764, 1.3764
25.8125, 34.3125, 1.3807, 1.3807
25.7500, 34.3125, 1.3877, 1.3877
25.6875, 34.3125, 1.3975, 1.3975
25.6250, 34.3125, 1.4101, 1.4101
25.5625, 34.3125, 1.4252, 1.4252
25.5000, 34.2500, 1.3750, 1.3750
25.4375, 34.2500, 1.3750, 1.3750
25.3750, 34.2500, 1.3764, 1.3764
25.3125, 34.2500, 1.3807, 1.3807
25.2500, 34.2500, 1.3877, 1.3877
25.1875, 34.2500, 1.3975, 1.3975
25.1250, 34.1875, 1.3492, 1.3492
25.0625, 34.1875, 1.3650, 1.3650
25.0000, 34.1875, 1.3764, 1.3764
24.9375, 34.1875, 1.3807, 1.3807
24.8750, 34.1875, 1.3877, 1.3877
24.8125, 34.1875, 1.3975, 1.3975
24.7500, 34.1875, 1.4101, 1.4101
24.6875, 34.1250, 1.3650, 1.3650
24.6250, 34.1250, 1.3764, 1.3764
24.5625, 34.1250, 1.3807, 1.3807
24.5000, 34.1250, 1.3877, 1.3877
24.4375, 34.1250, 1.3975, 1.3975
24.3750, 34.1250, 1.4101, 1.4101
24.3125, 34.1250, 1.4252, 1.4252
24.2500, 34.1250, 1.4101, 1.4101
24.1875, 34.0625, 1.3807, 1.3807
24.1250, 34.0625, 1.3877, 1.3877
24.0625, 34.0625, 1.3975, 1.3975
24.0000, 34.0625, 1.4101, 1.4101
23.9375, 34.0625, 1.4252, 1.4252
23.8750, 34.0000, 1.3807, 1.3807
23.8125, 34.0000, 1.3877, 1.3877
23.7500, 34.0000, 1.3975, 1.3975
23.6875, 34.0000, 1.4101, 1.4101
23.6250, 34.0000, 1.4252, 1.4252
23.5625, 34.0000, 1.4101, 1.4101
23.5000, 33.9375, 1.3877, 1.3877
23.4375, 33.9375, 1.3975, 1.3975
23.3750, 33.9375, 1.4101, 1.4101
23.3125, 33.9375, 1.4101, 1.4101
23.2500, 33.8750, 1.3835, 1.3835
23.1875, 33.8750, 1.3975, 1.3975
23.1250, 33.8750, 1.4101, 1.4101
23.0625, 33.8750, 1.4252, 1.4252
23.0000, 33.8125, 1.3807, 1.3807
22.9375, 33.8125, 1.3877, 1.3877
22.8750, 33.8125, 1.3975, 1.3975
22.8125, 33.8125, 1.4101, 1.4101
22.7500, 33.7500, 1.3650, 1.3650
22.6875, 33.7500, 1.3835, 1.3835
22.6250, 33.7500, 1.3975, 1.3975
22.5625, 33.7500, 1.4101, 1.4101
22.5000, 33.6875, 1.3650, 1.3650
22.4375, 33.6875, 1.3807, 1.3807
22.3750, 33.6875, 1.3877, 1.3877
22.3125, 33.6875, 1.3975, 1.3975
22.2500, 33.6250, 1.3492, 1.3492
22.1875, 33.6250, 1.3650, 1.3650
22.1250, 33.6250, 1.3835, 1.3835
22.0625, 33.6250, 1.4045, 1.4045
22.0000, 33.6250, 1.4252, 1.4252
21.9375, 33.5625, 1.3835, 1.3835
21.8750, 33.5625, 1.3975, 1.3975
21.8125, 33.5625, 1.4101, 1.4101
21.7500, 33.5625, 1.4101, 1.4101
21.6875, 33.5000, 1.3835, 1.3835
21.6250, 33.5000, 1.4045, 1.4045
21.5625, 33.5000, 1.4252, 1.4252
21.5000, 33.5000, 1.4101, 1.4101
21.4375, 33.4375, 1.3975, 1.3975
21.3750, 33.4375, 1.4101, 1.4101
21.3125, 33.4375, 1.4252, 1.4252
21.2500, 33.3750, 1.3835, 1.3835
21.1875, 33.3750, 1.4045, 1.4045
21.1250, 33.3750, 1.4252, 1.4252
21.0625, 33.3750, 1.4101, 1.4101
21.0000, 33.3125, 1.3975, 1.3975
20.9375, 33.3125, 1.4101, 1.4101
20.8750, 33.3125, 1.4252, 1.4252
20.8125, 33.2500, 1.3835, 1.3835
20.7500, 33.2500, 1.4045, 1.4045
20.6875, 33.2500, 1.4252, 1.4252
20.6250, 33.1875, 1.3835, 1.3835
20.5625, 33.1875, 1.4045, 1.4045
20.5000, 33.1875, 1.4252, 1.4252
20.4375, 33.1250, 1.3835, 1.3835
20.3750, 33.1250, 1.4045, 1.4045
20.3125, 33.1250, 1.4252, 1.4252
20.2500, 33.0625, 1.3835, 1.3835
20.1875, 33.0625, 1.4045, 1.4045
20.1250, 33.0625, 1.4252, 1.4252
20.0625, 33.0000, 1.3835, 1.3835
20.0000, 33.0000, 1.4045, 1.4045
19.9375, 33.0000, 1.4252, 1.4252
19.8750, 32.9375, 1.3835, 1.3835
19.8125, 32.9375, 1.4045, 1.4045
19.7500, 32.9375, 1.4252, 1.4252
19.6875, 32.8750, 1.3835, 1.3835
19.6250, 32.8750, 1.4045, 1.4045
19.5625, 32.8750, 1.4252, 1.4252
19.5000, 32.8125, 1.3835, 1.3835
19.4375, 32.8125, 1.4045, 1.4045
19.3750, 32.7500, 1.3707, 1.3707
19.3125, 32.7500, 1.3975, 1.3975
19.2500, 32.7500, 1.4252, 1.4252
19.1875, 32.6875, 1.3835, 1.3835
19.1250, 32.6875, 1.4045, 1.4045
19.0625, 32.6875, 1.4252, 1.4252
19.0000, 32.6250, 1.3975, 1.3975
18.9375, 32.6250, 1.4252, 1.4252
18.8750, 32.6250, 1.4045, 1.4045
18.8125, 32.5625, 1.4045, 1.4045
18.7500, 32.5625, 1.4252, 1.4252
18.6875, 32.5000, 1.3835, 1.3835
18.6250, 32.5000, 1.4045, 1.4045
18.5625, 32.5000, 1.4252, 1.4252
18.5000, 32.4375, 1.3975, 1.3975
18.4375, 32.4375, 1.4252, 1.4252
18.3750, 32.3750, 1.3835, 1.3835
18.3125, 32.3750, 1.4045, 1.4045
18.2500, 32.3750, 1.4045, 1.4045
18.1875, 32.3125, 1.3975, 1.3975
18.1250, 32.3125, 1.4252, 1.4252
18.0625, 32.2500, 1.3835, 1.3835
18.0000, 32.2500, 1.4045, 1.4045
17.9375, 32.2500, 1.3975, 1.3975
17.8750, 32.1875, 1.3975, 1.3975
17.8125, 32.1875, 1.4045, 1.4045
17.7500, 32.1250, 1.3975, 1.3975
17.6875, 32.1250, 1.4252, 1.4252
17.6250, 32.0625, 1.3975, 1.3975
17.5625, 32.0625, 1.4252, 1.4252
17.5000, 32.0625, 1.4045, 1.4045
17.4375, 32.0000, 1.4045, 1.4045
17.3750, 32.0000, 1.4252, 1.4252
17.3125, 31.9375, 1.3975, 1.3975
17.2500, 31.9375, 1.4266, 1.4266
17.1875, 31.8750, 1.3975, 1.3975
17.1250, 31.8750, 1.4266, 1.4266
17.0625, 31.8125, 1.3975, 1.3975
17.0000, 31.8125, 1.4266, 1.4266
16.9375, 31.7500, 1.3975, 1.3975
16.8750, 31.7500, 1.4266, 1.4266
16.8125, 31.7500, 1.3975, 1.3975
16.7500, 31.6875, 1.4266, 1.4266
16.6875, 31.6875, 1.3975, 1.3975
16.6250, 31.6250, 1.4252, 1.4252
16.5625, 31.6250, 1.3975, 1.3975
16.5000, 31.5625, 1.4045, 1.4045
16.4375, 31.5625, 1.4045, 1.4045
16.3750, 31.5000, 1.3975, 1.3975
16.3125, 31.5000, 1.4252, 1.4252
16.2500, 31.4375, 1.3975, 1.3975
16.1875, 31.4375, 1.4266, 1.4266
16.1250, 31.3750, 1.3975, 1.3975
16.0625, 31.3750, 1.4266, 1.4266
16.0000, 31.3125, 1.3975, 1.3975
15.9375, 31.3125, 1.4266, 1.4266
15.8750, 31.2500, 1.3975, 1.3975
15.8125, 31.2500, 1.4252, 1.4252
15.7500, 31.1875, 1.3975, 1.3975
15.6875, 31.1875, 1.4045, 1.4045
15.6250, 31.1250, 1.3975, 1.3975
15.5625, 31.1250, 1.3975, 1.3975
15.5000, 31.0625, 1.3975, 1.3975
15.4375, 31.0625, 1.3975, 1.3975
15.3750, 31.0000, 1.4045, 1.4045
15.3125, 31.0000, 1.3975, 1.3975
15.2500, 30.9375, 1.4252, 1.4252
15.1875, 30.8750, 1.3975, 1.3975
15.1250, 30.8750, 1.4252, 1.4252
15.0625, 30.8125, 1.3975, 1.3975
15.0000, 30.8125, 1.4045, 1.4045
14.9375, 30.7500, 1.4045, 1.4045
14.8750, 30.7500, 1.3975, 1.3975
14.8125, 30.6875, 1.4252, 1.4252
14.7500, 30.6875, 1.3975, 1.3975
14.6875, 30.6250, 1.4266, 1.4266
14.6250, 30.5625, 1.3975, 1.3975
14.5625, 30.5625, 1.4252, 1.4252
14.5000, 30.5000, 1.4045, 1.4045
14.4375, 30.5000, 1.4045, 1.4045
14.3750, 30.4375, 1.4252, 1.4252
14.3125, 30.3750, 1.3975, 1.3975
14.2500, 30.3750, 1.4252, 1.4252
14.1875, 30.3125, 1.4045, 1.4045
14.1250, 30.2500, 1.3877, 1.3877
14.0625, 30.2500, 1.4252, 1.4252
14.0000, 30.1875, 1.3975, 1.3975
13.9375, 30.1875, 1.4045, 1.4045
13.8750, 30.1250, 1.4045, 1.4045
13.8125, 30.0625, 1.3877, 1.3877
13.7500, 30.0625, 1.4252, 1.4252
13.6875, 30.0000, 1.4045, 1.4045
13.6250, 30.0000, 1.4045, 1.4045
13.5625, 29.9375, 1.4252, 1.4252
13.5000, 29.8750, 1.3975, 1.3975
13.4375, 29.8750, 1.4045, 1.4045
13.3750, 29.8125, 1.4045, 1.4045
13.3125, 29.7500, 1.3877, 1.3877
13.2500, 29.7500, 1.4252, 1.4252
13.1875, 29.6875, 1.4045, 1.4045
13.1250, 29.6875, 1.4045, 1.4045
13.0625, 29.6250, 1.4252, 1.4252
13.0000, 29.5625, 1.4045, 1.4045
12.9375, 29.5625, 1.4045, 1.4045
12.8750, 29.5000, 1.4170, 1.4170
12.8125, 29.4375, 1.4045, 1.4045
12.7500, 29.4375, 1.3877, 1.3877
12.6875, 29.3750, 1.4045, 1.4045
12.6250, 29.3125, 1.4170, 1.4170
12.5625, 29.3125, 1.3877, 1.3877
12.5000, 29.2500, 1.4045, 1.4045
12.4375, 29.1875, 1.4252, 1.4252
12.3750, 29.1250, 1.4045, 1.4045
12.3125, 29.1250, 1.4045, 1.4045
12.2500, 29.0625, 1.4170, 1.4170
12.1875, 29.0000, 1.4170, 1.4170
12.1250, 29.0000, 1.3877, 1.3877
12.0625, 28.9375, 1.4045, 1.4045
12.0000, 28.8750, 1.4252, 1.4252
11.9375, 28.8125, 1.4045, 1.4045
11.8750, 28.8125, 1.4045, 1.4045
11.8125, 28.7500, 1.4170, 1.4170
11.7500, 28.6875, 1.4170, 1.4170
11.6875, 28.6250, 1.4045, 1.4045
11.6250, 28.6250, 1.4045, 1.4045
11.5625, 28.5625, 1.4142, 1.4142
11.5000, 28.5000, 1.4170, 1.4170
11.4375, 28.4375, 1.4142, 1.4142
11.3750, 28.3750, 1.4045, 1.4045
11.3125, 28.3750, 1.4045, 1.4045
11.2500, 28.3125, 1.4170, 1.4170
11.1875, 28.2500, 1.4170, 1.4170
11.1250, 28.1875, 1.4142, 1.4142
11.0625, 28.1875, 1.4045, 1.4045
11.0000, 28.1250, 1.4142, 1.4142
10.9375, 28.0625, 1.4170, 1.4170
10.8750, 28.0000, 1.4170, 1.4170
10.8125, 27.9375, 1.4045, 1.4045
10.7500, 27.9375, 1.4045, 1.4045
10.6875, 27.8750, 1.4142, 1.4142
10.6250, 27.8125, 1.4142, 1.4142
10.5625, 27.7500, 1.4142, 1.4142
10.5000, 27.6875, 1.4142, 1.4142
10.4375, 27.6250, 1.4142, 1.4142
10.3750, 27.5625, 1.4142, 1.4142
10.3125, 27.5625, 1.4142, 1.4142
10.2500, 27.5000, 1.4142, 1.4142
10.1875, 27.4375, 1.4142, 1.4142
10.1250, 27.3750, 1.4170, 1.4170
10.0625, 27.3125, 1.4142, 1.4142
10.0000, 27.2500, 1.4142, 1.4142
9.9375, 27.1875, 1.4142, 1.4142
9.8750, 27.1875, 1.4142, 1.4142
9.8125, 27.1250, 1.4142, 1.4142
9.7500, 27.0625, 1.4142, 1.4142
9.6875, 27.0000, 1.4170, 1.4170
9.6250, 26.9375, 1.4142, 1.4142
9.5625, 26.8750, 1.4142, 1.4142
9.5000, 26.8125, 1.4142, 1.4142
9.4375, 26.7500, 1.4142, 1.4142
9.3750, 26.6875, 1.4142, 1.4142
9.3125, 26.6250, 1.4142, 1.4142
9.2500, 26.5625, 1.4142, 1.4142
9.1875, 26.5000, 1.4142, 1.4142
9.1250, 26.4375, 1.4142, 1.4142
9.0625, 26.4375, 1.4142, 1.4142
9.0000, 26.3750, 1.4142, 1.4142
8.9375, 26.3125, 1.4142, 1.4142
8.8750, 26.2500, 1.4142, 1.4142
8.8125, 26.1875, 1.4142, 1.4142
8.7500, 26.1250, 1.4142, 1.4142
8.6875, 26.0625, 1.4142, 1.4142
8.6250, 26.0000, 1.4142, 1.4142
8.5625, 25.9375, 1.4170, 1.4170
8.5000, 25.8750, 1.4142, 1.4142
8.4375, 25.8125, 1.4142, 1.4142
8.3750, 25.7500, 1.4142, 1.4142
8.3125, 25.6875, 1.4142, 1.4142
8.2500, 25.6250, 1.4142, 1.4142
8.1875, 25.5625, 1.4142, 1.4142
8.1250, 25.5000, 1.4142, 1.4142
8.0625, 25.4375, 1.4142, 1.4142
8.0000, 25.3750, 1.4142, 1.4142
7.9375, 25.3125, 1.4142, 1.4142
7.9375, 25.2500, 1.4142, 1.4142
7.8750, 25.1875, 1.4142, 1.4142
7.8125, 25.1250, 1.4142, 1.4142
7.7500, 25.0625, 1.4142, 1.4142
7.6875, 25.0000, 1.4142, 1.4142
7.6250, 24.9375, 1.4142, 1.4142
7.5625, 24.8750, 1.4142, 1.4142
7.5000, 24.8125, 1.4142, 1.4142
7.4375, 24.7500, 1.4170, 1.4170
7.3750, 24.6875, 1.4142, 1.4142
7.3125, 24.6250, 1.4142, 1.4142
7.2500, 24.5625, 1.4142, 1.4142
7.2500, 24.5000, 1.4142, 1.4142
7.1875, 24.4375, 1.4142, 1.4142
7.1250, 24.3750, 1.4142, 1.4142
7.0625, 24.3125, 1.4170, 1.4170
7.0000, 24.2500, 1.4142, 1.4142
6.9375, 24.1875, 1.4142, 1.4142
6.8750, 24.1250, 1.4142, 1.4142
6.8125, 24.0625, 1.4142, 1.4142
6.8125, 24.0000, 1.4142, 1.4142
6.7500, 23.9375, 1.4142, 1.4142
6.6875, 23.8750, 1.4142, 1.4142
6.6250, 23.8125, 1.4170, 1.4170
6.5625, 23.7500, 1.4142, 1.4142
6.5000, 23.6875, 1.4142, 1.4142
6.5000, 23.6250, 1.4045, 1.4045
6.4375, 23.5625, 1.4170, 1.4170
6.3750, 23.5000, 1.4252, 1.4252
6.3125, 23.4375, 1.4170, 1.4170
6.2500, 23.3750, 1.4045, 1.4045
6.2500, 23.3125, 1.4142, 1.4142
6.1875, 23.2500, 1.4170, 1.4170
6.1250, 23.1875, 1.4170, 1.4170
6.0625, 23.1250, 1.4142, 1.4142
6.0625, 23.0625, 1.4045, 1.4045
6.0000, 23.0000, 1.4170, 1.4170
5.9375, 22.9375, 1.4252, 1.4252
5.8750, 22.8750, 1.4170, 1.4170
5.8750, 22.8125, 1.4045, 1.4045
5.8125, 22.7500, 1.4170, 1.4170
5.7500, 22.6875, 1.4252, 1.4252
5.6875, 22.6250, 1.4170, 1.4170
5.6875, 22.5625, 1.4045, 1.4045
5.6250, 22.5000, 1.4170, 1.4170
5.5625, 22.4375, 1.4252, 1.4252
5.5000, 22.3750, 1.4170, 1.4170
5.5000, 22.3125, 1.4045, 1.4045
5.4375, 22.2500, 1.4252, 1.4252
5.3750, 22.1875, 1.4252, 1.4252
5.3125, 22.1250, 1.4045, 1.4045
5.3125, 22.0625, 1.4170, 1.4170
5.2500, 22.0000, 1.4252, 1.4252
5.1875, 21.9375, 1.4045, 1.4045
5.1875, 21.8750, 1.4045, 1.4045
5.1250, 21.8125, 1.4252, 1.4252
5.0625, 21.7500, 1.4170, 1.4170
5.0625, 21.6875, 1.4045, 1.4045
5.0000, 21.6250, 1.4170, 1.4170
4.9375, 21.5625, 1.4252, 1.4252
4.8750, 21.5000, 1.4045, 1.4045
4.8750, 21.4375, 1.4045, 1.4045
4.8125, 21.3750, 1.4252, 1.4252
4.7500, 21.3125, 1.4045, 1.4045
4.7500, 21.2500, 1.4045, 1.4045
4.6875, 21.1875, 1.4252, 1.4252
4.6250, 21.1250, 1.4045, 1.4045
4.6250, 21.0625, 1.4252, 1.4252
4.5625, 21.0000, 1.4252, 1.4252
4.5000, 20.9375, 1.3975, 1.3975
4.5000, 20.8750, 1.4252, 1.4252
4.4375, 20.8125, 1.4045, 1.4045
4.4375, 20.7500, 1.4045, 1.4045
4.3750, 20.6875, 1.4252, 1.4252
4.3125, 20.6250, 1.4045, 1.4045
4.3125, 20.5625, 1.4252, 1.4252
4.2500, 20.5000, 1.4252, 1.4252
4.1875, 20.4375, 1.3975, 1.3975
4.1875, 20.3750, 1.4252, 1.4252
4.1250, 20.3125, 1.4045, 1.4045
4.1250, 20.2500, 1.4045, 1.4045
4.0625, 20.1875, 1.4252, 1.4252
4.0625, 20.1250, 1.3975, 1.3975
4.0000, 20.0625, 1.4266, 1.4266
3.9375, 20.0000, 1.4045, 1.4045
3.9375, 19.9375, 1.4252, 1.4252
3.8750, 19.8750, 1.4252, 1.4252
3.8750, 19.8125, 1.4045, 1.4045
3.8125, 19.7500, 1.4266, 1.4266
3.7500, 19.6875, 1.3975, 1.3975
3.7500, 19.6250, 1.4266, 1.4266
3.6875, 19.5625, 1.4045, 1.4045
3.6875, 19.5000, 1.4252, 1.4252
3.6250, 19.4375, 1.4252, 1.4252
3.6250, 19.3750, 1.4045, 1.4045
3.5625, 19.3125, 1.4266, 1.4266
3.5000, 19.2500, 1.3975, 1.3975
3.5000, 19.1875, 1.4266, 1.4266
3.4375, 19.1250, 1.3975, 1.3975
3.4375, 19.0625, 1.4252, 1.4252
3.3750, 19.0000, 1.3975, 1.3975
3.3750, 18.9375, 1.4045, 1.4045
3.3125, 18.8750, 1.4045, 1.4045
3.3125, 18.8125, 1.3975, 1.3975
3.2500, 18.7500, 1.4252, 1.4252
3.2500, 18.6875, 1.3975, 1.3975
3.1875, 18.6250, 1.4266, 1.4266
3.1250, 18.5625, 1.3975, 1.3975
3.1250, 18.5000, 1.4266, 1.4266
3.0625, 18.4375, 1.3975, 1.3975
3.0625, 18.3750, 1.4266, 1.4266
3.0000, 18.3125, 1.3975, 1.3975
3.0000, 18.2500, 1.4266, 1.4266
2.9375, 18.1875, 1.3975, 1.3975
2.9375, 18.1250, 1.4266, 1.4266
2.8750, 18.0625, 1.3975, 1.3975
2.8750, 18.0000, 1.4266, 1.4266
2.8750, 17.9375, 1.3975, 1.3975
2.8125, 17.8750, 1.4266, 1.4266
2.8125, 17.8125, 1.3975, 1.3975
2.7500, 17.7500, 1.4252, 1.4252
2.7500, 17.6875, 1.3975, 1.3975
2.6875, 17.6250, 1.4045, 1.4045
2.6875, 17.5625, 1.4045, 1.4045
2.6250, 17.5000, 1.3975, 1.3975
2.6250, 17.4375, 1.4252, 1.4252
2.5625, 17.3750, 1.3975, 1.3975
2.5625, 17.3125, 1.4266, 1.4266
2.5000, 17.2500, 1.3975, 1.3975
2.5000, 17.1875, 1.4266, 1.4266
2.5000, 17.1250, 1.3975, 1.3975
2.4375, 17.0625, 1.4252, 1.4252
2.4375, 17.0000, 1.4045, 1.4045
2.3750, 16.9375, 1.4045, 1.4045
2.3750, 16.8750, 1.4252, 1.4252
2.3125, 16.8125, 1.3975, 1.3975
2.3125, 16.7500, 1.4266, 1.4266
2.2500, 16.6875, 1.3975, 1.3975
2.2500, 16.6250, 1.4252, 1.4252
2.2500, 16.5625, 1.3975, 1.3975
2.1875, 16.5000, 1.4045, 1.4045
2.1875, 16.4375, 1.4045, 1.4045
2.1250, 16.3750, 1.3975, 1.3975
2.1250, 16.3125, 1.4252, 1.4252
2.1250, 16.2500, 1.3975, 1.3975
2.0625, 16.1875, 1.4045, 1.4045
2.0625, 16.1250, 1.4045, 1.4045
2.0000, 16.0625, 1.3975, 1.3975
2.0000, 16.0000, 1.4252, 1.4252
2.0000, 15.9375, 1.3975, 1.3975
1.9375, 15.8750, 1.4252, 1.4252
1.9375, 15.8125, 1.4045, 1.4045
1.8750, 15.7500, 1.4045, 1.4045
1.8750, 15.6875, 1.4252, 1.4252
1.8750, 15.6250, 1.3975, 1.3975
1.8125, 15.5625, 1.4045, 1.4045
1.8125, 15.5000, 1.4045, 1.4045
1.7500, 15.4375, 1.3975, 1.3975
1.7500, 15.3750, 1.4252, 1.4252
1.6875, 15.3125, 1.3835, 1.3835
1.6875, 15.2500, 1.4045, 1.4045
1.6875, 15.1875, 1.4252, 1.4252
1.6250, 15.1250, 1.3835, 1.3835
1.6250, 15.0625, 1.4045, 1.4045
1.6250, 15.0000, 1.4045, 1.4045
1.5625, 14.9375, 1.3835, 1.3835
1.5625, 14.8750, 1.4045, 1.4045
1.5625, 14.8125, 1.4045, 1.4045
1.5000, 14.7500, 1.3975, 1.3975
1.5000, 14.6875, 1.4252, 1.4252
1.5000, 14.6250, 1.4045, 1.4045
1.4375, 14.5625, 1.4045, 1.4045
1.4375, 14.5000, 1.4252, 1.4252
1.4375, 14.4375, 1.4045, 1.4045
1.3750, 14.3750, 1.4045, 1.4045
1.3750, 14.3125, 1.4252, 1.4252
1.3750, 14.2500, 1.4045, 1.4045
1.3125, 14.1875, 1.4045, 1.4045
1.3125, 14.1250, 1.4252, 1.4252
1.2500, 14.0625, 1.3835, 1.3835
1.2500, 14.0000, 1.3975, 1.3975
1.2500, 13.9375, 1.4101, 1.4101
1.2500, 13.8750, 1.4045, 1.4045
1.1875, 13.8125, 1.3835, 1.3835
1.1875, 13.7500, 1.4045, 1.4045
1.1875, 13.6875, 1.4045, 1.4045
1.1875, 13.6250, 1.3835, 1.3835
1.1250, 13.5625, 1.4045, 1.4045
1.1250, 13.5000, 1.4045, 1.4045
1.1250, 13.4375, 1.3835, 1.3835
1.0625, 13.3750, 1.4045, 1.4045
1.0625, 13.3125, 1.4101, 1.4101
1.0625, 13.2500, 1.3975, 1.3975
1.0625, 13.1875, 1.3835, 1.3835
1.0000, 13.1250, 1.4101, 1.4101
1.0000, 13.0625, 1.4101, 1.4101
1.0000, 13.0000, 1.3975, 1.3975
0.9375, 12.9375, 1.4045, 1.4045
0.9375, 12.8750, 1.4252, 1.4252
0.9375, 12.8125, 1.4045, 1.4045
0.9375, 12.7500, 1.3835, 1.3835
0.8750, 12.6875, 1.4101, 1.4101
0.8750, 12.6250, 1.4101, 1.4101
0.8750, 12.5625, 1.3975, 1.3975
0.8125, 12.5000, 1.3975, 1.3975
0.8125, 12.4375, 1.4101, 1.4101
0.8125, 12.3750, 1.4101, 1.4101
0.8125, 12.3125, 1.3975, 1.3975
0.7500, 12.2500, 1.3975, 1.3975
0.7500, 12.1875, 1.4101, 1.4101
0.7500, 12.1250, 1.4101, 1.4101
0.6875, 12.0625, 1.3835, 1.3835
0.6875, 12.0000, 1.4045, 1.4045
0.6875, 11.9375, 1.4252, 1.4252
0.6875, 11.8750, 1.4101, 1.4101
0.6250, 11.8125, 1.3877, 1.3877
0.6250, 11.7500, 1.3975, 1.3975
0.6250, 11.6875, 1.4101, 1.4101
0.6250, 11.6250, 1.4101, 1.4101
0.6250, 11.5625, 1.3975, 1.3975
0.5625, 11.5000, 1.3877, 1.3877
0.5625, 11.4375, 1.3975, 1.3975
0.5625, 11.3750, 1.4101, 1.4101
0.5625, 11.3125, 1.4101, 1.4101
0.5000, 11.2500, 1.3835, 1.3835
0.5000, 11.1875, 1.3975, 1.3975
0.5000, 11.1250, 1.4101, 1.4101
0.5000, 11.0625, 1.4101, 1.4101
0.5000, 11.0000, 1.3975, 1.3975
0.5000, 10.9375, 1.3877, 1.3877
0.4375, 10.8750, 1.3975, 1.3975
0.4375, 10.8125, 1.4101, 1.4101
0.4375, 10.7500, 1.4101, 1.4101
0.4375, 10.6875, 1.3975, 1.3975
0.4375, 10.6250, 1.3877, 1.3877
0.4375, 10.5625, 1.3807, 1.3807
0.3750, 10.5000, 1.4252, 1.4252
0.3750, 10.4375, 1.4101, 1.4101
0.3750, 10.3750, 1.3975, 1.3975
0.3750, 10.3125, 1.3877, 1.3877
0.3750, 10.2500, 1.3807, 1.3807
0.3125, 10.1875, 1.4101, 1.4101
0.3125, 10.1250, 1.4252, 1.4252
0.3125, 10.0625, 1.4101, 1.4101
0.3125, 10.0000, 1.3975, 1.3975
0.3125, 9.9375, 1.3877, 1.3877
0.2500, 9.8750, 1.3975, 1.3975
0.2500, 9.8125, 1.4101, 1.4101
0.2500, 9.7500, 1.4252, 1.4252
0.2500, 9.6875, 1.4101, 1.4101
0.1875, 9.6250, 1.3807, 1.3807
0.1875, 9.5625, 1.3877, 1.3877
0.1875, 9.5000, 1.3975, 1.3975
0.1875, 9.4375, 1.4101, 1.4101
0.1875, 9.3750, 1.4252, 1.4252
0.1875, 9.3125, 1.4101, 1.4101
0.1875, 9.2500, 1.3975, 1.3975
0.1250, 9.1875, 1.3807, 1.3807
0.1250, 9.1250, 1.3877, 1.3877
0.1250, 9.0625, 1.3975, 1.3975
0.1250, 9.0000, 1.4101, 1.4101
0.1250, 8.9375, 1.4252, 1.4252
0.1250, 8.8750, 1.4252, 1.4252
0.1250, 8.8125, 1.4101, 1.4101
0.1250, 8.7500, 1.3975, 1.3975
0.1250, 8.6875, 1.3877, 1.3877
0.1250, 8.6250, 1.3807, 1.3807
0.1250, 8.5625, 1.3764, 1.3764
0.0625, 8.5000, 1.4101, 1.4101
0.0625, 8.4375, 1.4252, 1.4252
0.0625, 8.3750, 1.4252, 1.4252
0.0625, 8.3125, 1.4101, 1.4101
0.0625, 8.2500, 1.3975, 1.3975
0.0625, 8.1875, 1.3877, 1.3877
0.0625, 8.1250, 1.3807, 1.3807
0.0625, 8.0625, 1.3764, 1.3764
0.0000, 8.0000, 1.3975, 1.3975
0.0000, 7.9375, 1.4101, 1.4101
0.0000, 7.8750, 1.4252, 1.4252
0.0000, 7.8125, 1.4375, 1.4375
0.0000, 7.7500, 1.4375, 1.4375
0.0000, 7.6875, 1.4252, 1.4252
0.0000, 7.6250, 1.4101, 1.4101
0.0000, 7.5625, 1.3975, 1.3975
-0.0625, 7.5000, 1.3807, 1.3807
-0.0625, 7.4375, 1.3877, 1.3877
-0.0625, 7.3750, 1.3975, 1.3975
-0.0625, 7.3125, 1.4101, 1.4101
-0.0625, 7.2500, 1.4252, 1.4252
-0.0625, 7.1875, 1.4375, 1.4375
-0.0625, 7.1250, 1.4375, 1.4375
-0.0625, 7.0625, 1.4375, 1.4375
-0.0625, 7.0000, 1.4375, 1.4375
-0.0625, 6.9375, 1.4375, 1.4375
-0.0625, 6.8750, 1.4252, 1.4252
-0.0625, 6.8125, 1.4101, 1.4101
-0.0625, 6.7500, 1.3975, 1.3975
-0.0625, 6.6875, 1.3877, 1.3877
-0.0625, 6.6250, 1.3807, 1.3807
-0.0625, 6.5625, 1.3764, 1.3764
-0.0625, 6.5000, 1.3750, 1.3750
-0.0625, 6.4375, 1.3750, 1.3750
-0.0625, 6.3750, 1.3750, 1.3750
-0.0625, 6.3125, 1.3750, 1.3750
-0.1250, 6.2500, 1.4375, 1.4375
-0.1250, 6.1875, 1.4375, 1.4375
-0.1250, 6.1250, 1.4375, 1.4375
-0.1250, 6.0625, 1.4375, 1.4375
-0.1250, 6.0000, 1.4375, 1.4375
-0.1250, 5.9375, 1.4375, 1.4375
-0.1250, 5.8750, 1.4375, 1.4375
-0.1250, 5.8125, 1.4375, 1.4375
-0.1250, 5.7500, 1.4375, 1.4375
-0.1250, 5.6875, 1.4375, 1.4375
-0.1250, 5.6250, 1.4375, 1.4375
-0.1250, 5.5625, 1.4375, 1.4375
-0.1250, 5.5000, 1.4375, 1.4375
-0.1250, 5.4375, 1.4375, 1.4375
-0.1250, 5.3750, 1.4375, 1.4375
-0.1250, 5.3125, 1.4375, 1.4375
-0.1250, 5.2500, 1.4375, 1.4375
-0.1250, 5.1875, 1.4375, 1.4375
-0.1250, 5.1250, 1.4375, 1.4375
-0.1250, 5.0625, 1.4375, 1.4375
-0.1250, 5.0000, 1.4375, 1.4375
-0.1250, 4.9375, 1.4375, 1.4375
-0.1250, 4.8750, 1.4375, 1.4375
-0.1250, 4.8125, 1.4375, 1.4375
-0.1250, 4.7500, 1.4375, 1.4375
-0.1250, 4.6875, 1.4375, 1.4375
-0.1250, 4.6250, 1.4375, 1.4375
-0.1250, 4.5625, 1.4375, 1.4375
-0.1250, 4.5000, 1.4375, 1.4375
-0.1250, 4.4375, 1.4375, 1.4375
-0.1250, 4.3750, 1.4375, 1.4375
-0.1250, 4.3125, 1.4375, 1.4375
-0.1250, 4.2500, 1.4375, 1.4375
-0.1250, 4.1875, 1.4375, 1.4375
-0.1250, 4.1250, 1.4375, 1.4375
-0.1250, 4.0625, 1.4375, 1.4375
-0.1250, 4.0000, 1.4375, 1.4375
-0.1250, 3.9375, 1.4375, 1.4375
-0.1250, 3.8750, 1.4375, 1.4375
-0.1250, 3.8125, 1.4375, 1.4375
-0.1250, 3.7500, 1.4375, 1.4375
-0.1250, 3.6875, 1.4375, 1.4375
-0.0625, 3.6250, 1.3750, 1.3750
-0.0625, 3.5625, 1.3750, 1.3750
-0.0625, 3.5000, 1.3750, 1.3750
-0.0625, 3.4375, 1.3764, 1.3764
-0.0625, 3.3750, 1.3807, 1.3807
-0.0625, 3.3125, 1.3877, 1.3877
-0.0625, 3.2500, 1.3975, 1.3975
-0.0625, 3.1875, 1.4101, 1.4101
-0.0625, 3.1250, 1.4252, 1.4252
-0.0625, 3.0625, 1.4375, 1.4375
-0.0625, 3.0000, 1.4375, 1.4375
-0.0625, 2.9375, 1.4375, 1.4375
-0.0625, 2.8750, 1.4375, 1.4375
-0.0625, 2.8125, 1.4375, 1.4375
-0.0625, 2.7500, 1.4375, 1.4375
-0.0625, 2.6875, 1.4252, 1.4252
-0.0625, 2.6250, 1.4101, 1.4101
-0.0625, 2.5625, 1.3975, 1.3975
-0.0625, 2.5000, 1.3877, 1.3877
-0.0625, 2.4375, 1.3807, 1.3807
0.0000, 2.3750, 1.3975, 1.3975
0.0000, 2.3125, 1.4101, 1.4101
0.0000, 2.2500, 1.4252, 1.4252
0.0000, 2.1875, 1.4375, 1.4375
0.0000, 2.1250, 1.4375, 1.4375
0.0000, 2.0625, 1.4252, 1.4252
0.0000, 2.0000, 1.4101, 1.4101
0.0000, 1.9375, 1.3975, 1.3975
0.0625, 1.8750, 1.3764, 1.3764
0.0625, 1.8125, 1.3807, 1.3807
0.0625, 1.7500, 1.3877, 1.3877
0.0625, 1.6875, 1.3975, 1.3975
0.0625, 1.6250, 1.4101, 1.4101
0.0625, 1.5625, 1.4252, 1.4252
0.0625, 1.5000, 1.4252, 1.4252
0.0625, 1.4375, 1.4101, 1.4101
0.1250, 1.3750, 1.3764, 1.3764
0.1250, 1.3125, 1.3807, 1.3807
0.1250, 1.2500, 1.3877, 1.3877
0.1250, 1.1875, 1.3975, 1.3975
0.1250, 1.1250, 1.4101, 1.4101
0.1250, 1.0625, 1.4252, 1.4252
0.1250, 1.0000, 1.4252, 1.4252
0.1250, 0.9375, 1.4101, 1.4101
0.1250, 0.8750, 1.3975, 1.3975
0.1250, 0.8125, 1.3877, 1.3877
0.1250, 0.7500, 1.3807, 1.3807
0.1875, 0.6875, 1.3975, 1.3975
0.1875, 0.6250, 1.4101, 1.4101
0.1875, 0.5625, 1.4252, 1.4252
0.1875, 0.5000, 1.4101, 1.4101
0.1875, 0.4375, 1.3975, 1.3975
0.1875, 0.3750, 1.3877, 1.3877
0.1875, 0.3125, 1.3807, 1.3807
0.2500, 0.2500, 1.4101, 1.4101
0.2500, 0.1875, 1.4252, 1.4252
0.2500, 0.1250, 1.4101, 1.4101
0.2500, 0.0625, 1.3975, 1.3975
0.3125, 0.0000, 1.3877, 1.3877
0.3125, -0.0625, 1.3975, 1.3975
0.3125, -0.1250, 1.4101, 1.4101
0.3125, -0.1875, 1.4252, 1.4252
0.3125, -0.2500, 1.4101, 1.4101
0.3750, -0.3125, 1.3807, 1.3807
0.3750, -0.3750, 1.3877, 1.3877
0.3750, -0.4375, 1.3975, 1.3975
0.3750, -0.5000, 1.4101, 1.4101
0.3750, -0.5625, 1.4252, 1.4252
0.4375, -0.6250, 1.3807, 1.3807
0.4375, -0.6875, 1.3877, 1.3877
0.4375, -0.7500, 1.3975, 1.3975
0.4375, -0.8125, 1.4101, 1.4101
0.4375, -0.8750, 1.4101, 1.4101
0.4375, -0.9375, 1.3975, 1.3975
0.5000, -1.0000, 1.3877, 1.3877
0.5000, -1.0625, 1.3975, 1.3975
0.5000, -1.1250, 1.4101, 1.4101
0.5000, -1.1875, 1.4101, 1.4101
0.5000, -1.2500, 1.3975, 1.3975
0.5000, -1.3125, 1.3835, 1.3835
0.5625, -1.3750, 1.4101, 1.4101
0.5625, -1.4375, 1.4101, 1.4101
0.5625, -1.5000, 1.3975, 1.3975
0.5625, -1.5625, 1.3877, 1.3877
0.5625, -1.6250, 1.3807, 1.3807
0.6250, -1.6875, 1.4101, 1.4101
0.6250, -1.7500, 1.4101, 1.4101
0.6250, -1.8125, 1.3975, 1.3975
0.6250, -1.8750, 1.3877, 1.3877
0.6875, -1.9375, 1.4101, 1.4101
0.6875, -2.0000, 1.4252, 1.4252
0.6875, -2.0625, 1.4045, 1.4045
0.6875, -2.1250, 1.3835, 1.3835
0.7500, -2.1875, 1.4101, 1.4101
0.7500, -2.2500, 1.4101, 1.4101
0.7500, -2.3125, 1.3975, 1.3975
0.8125, -2.3750, 1.3975, 1.3975
0.8125, -2.4375, 1.4101, 1.4101
0.8125, -2.5000, 1.4101, 1.4101
0.8125, -2.5625, 1.3975, 1.3975
0.8750, -2.6250, 1.3975, 1.3975
0.8750, -2.6875, 1.4101, 1.4101
0.8750, -2.7500, 1.4101, 1.4101
0.9375, -2.8125, 1.3835, 1.3835
0.9375, -2.8750, 1.4045, 1.4045
0.9375, -2.9375, 1.4252, 1.4252
0.9375, -3.0000, 1.4045, 1.4045
1.0000, -3.0625, 1.3975, 1.3975
1.0000, -3.1250, 1.4101, 1.4101
1.0000, -3.1875, 1.4101, 1.4101
1.0625, -3.2500, 1.3835, 1.3835
1.0625, -3.3125, 1.3975, 1.3975
1.0625, -3.3750, 1.4101, 1.4101
1.0625, -3.4375, 1.4045, 1.4045
1.1250, -3.5000, 1.3835, 1.3835
1.1250, -3.5625, 1.4045, 1.4045
1.1250, -3.6250, 1.4045, 1.4045
1.1875, -3.6875, 1.3835, 1.3835
1.1875, -3.7500, 1.4045, 1.4045
1.1875, -3.8125, 1.4045, 1.4045
1.1875, -3.8750, 1.3835, 1.3835
1.2500, -3.9375, 1.4045, 1.4045
1.2500, -4.0000, 1.4101, 1.4101
1.2500, -4.0625, 1.3975, 1.3975
1.2500, -4.1250, 1.3835, 1.3835
1.3125, -4.1875, 1.4252, 1.4252
1.3125, -4.2500, 1.4045, 1.4045
1.3125, -4.3125, 1.3835, 1.3835
1.3750, -4.3750, 1.4252, 1.4252
1.3750, -4.4375, 1.4045, 1.4045
1.3750, -4.5000, 1.3835, 1.3835
1.4375, -4.5625, 1.4252, 1.4252
1.4375, -4.6250, 1.4045, 1.4045
1.4375, -4.6875, 1.3835, 1.3835
1.5000, -4.7500, 1.4252, 1.4252
1.5000, -4.8125, 1.3975, 1.3975
1.5000, -4.8750, 1.3707, 1.3707
1.5625, -4.9375, 1.4045, 1.4045
1.5625, -5.0000, 1.3835, 1.3835
1.6250, -5.0625, 1.4045, 1.4045
1.6250, -5.1250, 1.4045, 1.4045
1.6250, -5.1875, 1.3835, 1.3835
1.6875, -5.2500, 1.4045, 1.4045
1.6875, -5.3125, 1.4045, 1.4045
1.6875, -5.3750, 1.3835, 1.3835
1.7500, -5.4375, 1.4252, 1.4252
1.7500, -5.5000, 1.3975, 1.3975
1.8125, -5.5625, 1.4045, 1.4045
1.8125, -5.6250, 1.4045, 1.4045
1.8750, -5.6875, 1.3975, 1.3975
1.8750, -5.7500, 1.4252, 1.4252
1.8750, -5.8125, 1.4045, 1.4045
1.9375, -5.8750, 1.4045, 1.4045
1.9375, -5.9375, 1.4252, 1.4252
2.0000, -6.0000, 1.3975, 1.3975
2.0000, -6.0625, 1.4252, 1.4252
2.0000, -6.1250, 1.3975, 1.3975
2.0625, -6.1875, 1.4045, 1.4045
2.0625, -6.2500, 1.4045, 1.4045
2.1250, -6.3125, 1.3975, 1.3975
2.1250, -6.3750, 1.4252, 1.4252
2.1250, -6.4375, 1.3975, 1.3975
2.1875, -6.5000, 1.4045, 1.4045
2.1875, -6.5625, 1.3975, 1.3975
2.2500, -6.6250, 1.3975, 1.3975
2.2500, -6.6875, 1.4045, 1.4045
2.2500, -6.7500, 1.3835, 1.3835
2.3125, -6.8125, 1.4252, 1.4252
2.3125, -6.8750, 1.3975, 1.3975
2.3750, -6.9375, 1.4252, 1.4252
2.3750, -7.0000, 1.3975, 1.3975
2.4375, -7.0625, 1.4045, 1.4045
2.4375, -7.1250, 1.4045, 1.4045
2.5000, -7.1875, 1.3975, 1.3975
2.5000, -7.2500, 1.4252, 1.4252
2.5625, -7.3125, 1.3975, 1.3975
2.5625, -7.3750, 1.4266, 1.4266
2.6250, -7.4375, 1.3975, 1.3975
2.6250, -7.5000, 1.4252, 1.4252
2.6250, -7.5625, 1.3975, 1.3975
2.6875, -7.6250, 1.4045, 1.4045
2.6875, -7.6875, 1.3975, 1.3975
2.7500, -7.7500, 1.3975, 1.3975
2.7500, -7.8125, 1.3975, 1.3975
2.8125, -7.8750, 1.3975, 1.3975
2.8125, -7.9375, 1.3975, 1.3975
2.8750, -8.0000, 1.3975, 1.3975
2.8750, -8.0625, 1.4045, 1.4045
2.8750, -8.1250, 1.3835, 1.3835
2.9375, -8.1875, 1.4252, 1.4252
2.9375, -8.2500, 1.3975, 1.3975
3.0000, -8.3125, 1.4266, 1.4266
3.0000, -8.3750, 1.3975, 1.3975
3.0625, -8.4375, 1.4266, 1.4266
3.1250, -8.5000, 1.3975, 1.3975
3.1250, -8.5625, 1.4266, 1.4266
3.1250, -8.6250, 1.3975, 1.3975
3.1875, -8.6875, 1.4252, 1.4252
3.1875, -8.7500, 1.3877, 1.3877
3.2500, -8.8125, 1.4045, 1.4045
3.2500, -8.8750, 1.3722, 1.3722
3.3125, -8.9375, 1.3975, 1.3975
3.3125, -9.0000, 1.3707, 1.3707
3.3750, -9.0625, 1.3975, 1.3975
3.3750, -9.1250, 1.3707, 1.3707
3.4375, -9.1875, 1.3975, 1.3975
3.5000, -9.2500, 1.4266, 1.4266
3.5000, -9.3125, 1.3975, 1.3975
3.5625, -9.3750, 1.4252, 1.4252
3.5625, -9.4375, 1.3877, 1.3877
3.6250, -9.5000, 1.4045, 1.4045
3.6250, -9.5625, 1.3722, 1.3722
3.6875, -9.6250, 1.3975, 1.3975
3.7500, -9.6875, 1.4266, 1.4266
3.8125, -9.7500, 1.3975, 1.3975
3.8125, -9.8125, 1.4266, 1.4266
3.8125, -9.8750, 1.3975, 1.3975
3.8750, -9.9375, 1.4252, 1.4252
3.9375, -10.0000, 1.4252, 1.4252
3.9375, -10.0625, 1.4045, 1.4045
4.0000, -10.1250, 1.4252, 1.4252
4.0000, -10.1875, 1.3877, 1.3877
4.0625, -10.2500, 1.4045, 1.4045
4.1250, -10.3125, 1.4045, 1.4045
4.1250, -10.3750, 1.3975, 1.3975
4.1875, -10.4375, 1.4252, 1.4252
4.1875, -10.5000, 1.3877, 1.3877
4.2500, -10.5625, 1.4045, 1.4045
4.3125, -10.6250, 1.4252, 1.4252
4.3125, -10.6875, 1.3975, 1.3975
4.3750, -10.7500, 1.4252, 1.4252
4.4375, -10.8125, 1.4045, 1.4045
4.4375, -10.8750, 1.4045, 1.4045
4.5000, -10.9375, 1.4252, 1.4252
4.5000, -11.0000, 1.3877, 1.3877
4.5625, -11.0625, 1.4045, 1.4045
4.6250, -11.1250, 1.4252, 1.4252
4.6250, -11.1875, 1.3975, 1.3975
4.6875, -11.2500, 1.4252, 1.4252
4.7500, -11.3125, 1.4045, 1.4045
4.7500, -11.3750, 1.4045, 1.4045
4.8125, -11.4375, 1.4252, 1.4252
4.8750, -11.5000, 1.4045, 1.4045
4.8750, -11.5625, 1.4045, 1.4045
4.9375, -11.6250, 1.4170, 1.4170
5.0000, -11.6875, 1.4170, 1.4170
5.0000, -11.7500, 1.3877, 1.3877
5.0625, -11.8125, 1.4045, 1.4045
5.1250, -11.8750, 1.4252, 1.4252
5.1875, -11.9375, 1.4045, 1.4045
5.1875, -12.0000, 1.4045, 1.4045
5.2500, -12.0625, 1.4252, 1.4252
5.3125, -12.1250, 1.4045, 1.4045
5.3125, -12.1875, 1.4045, 1.4045
5.3750, -12.2500, 1.4170, 1.4170
5.4375, -12.3125, 1.4170, 1.4170
5.4375, -12.3750, 1.3877, 1.3877
5.5000, -12.4375, 1.4045, 1.4045
5.5625, -12.5000, 1.4252, 1.4252
5.6250, -12.5625, 1.4045, 1.4045
5.6250, -12.6250, 1.4045, 1.4045
5.6875, -12.6875, 1.4142, 1.4142
5.7500, -12.7500, 1.4170, 1.4170
5.7500, -12.8125, 1.3764, 1.3764
5.8125, -12.8750, 1.3877, 1.3877
5.8750, -12.9375, 1.4045, 1.4045
5.9375, -13.0000, 1.4170, 1.4170
6.0000, -13.0625, 1.4170, 1.4170
6.0000, -13.1250, 1.3877, 1.3877
6.0625, -13.1875, 1.4045, 1.4045
6.1250, -13.2500, 1.4170, 1.4170
6.1875, -13.3125, 1.4170, 1.4170
6.1875, -13.3750, 1.3877, 1.3877
6.2500, -13.4375, 1.4045, 1.4045
6.3125, -13.5000, 1.4142, 1.4142
6.3750, -13.5625, 1.4170, 1.4170
6.4375, -13.6250, 1.4170, 1.4170
6.4375, -13.6875, 1.3877, 1.3877
6.5000, -13.7500, 1.4045, 1.4045
6.5625, -13.8125, 1.4142, 1.4142
6.6250, -13.8750, 1.4142, 1.4142
6.6875, -13.9375, 1.4142, 1.4142
6.6875, -14.0000, 1.3764, 1.3764
6.7500, -14.0625, 1.3877, 1.3877
6.8125, -14.1250, 1.4045, 1.4045
6.8750, -14.1875, 1.4142, 1.4142
6.9375, -14.2500, 1.4142, 1.4142
7.0000, -14.3125, 1.4142, 1.4142
7.0625, -14.3750, 1.4170, 1.4170
7.0625, -14.4375, 1.3764, 1.3764
7.1250, -14.5000, 1.3877, 1.3877
7.1875, -14.5625, 1.4045, 1.4045
7.2500, -14.6250, 1.4142, 1.4142
7.3125, -14.6875, 1.4142, 1.4142
7.3750, -14.7500, 1.4142, 1.4142
7.4375, -14.8125, 1.4170, 1.4170
7.4375, -14.8750, 1.3764, 1.3764
7.5000, -14.9375, 1.3877, 1.3877
7.5625, -15.0000, 1.4045, 1.4045
7.6250, -15.0625, 1.4142, 1.4142
7.6875, -15.1250, 1.4142, 1.4142
7.7500, -15.1875, 1.4142, 1.4142
7.8125, -15.2500, 1.4142, 1.4142
7.8750, -15.3125, 1.4142, 1.4142
7.9375, -15.3750, 1.4142, 1.4142
8.0000, -15.4375, 1.4142, 1.4142
8.0625, -15.5000, 1.4142, 1.4142
8.1250, -15.5625, 1.4142, 1.4142
8.1875, -15.6250, 1.4142, 1.4142
8.2500, -15.6875, 1.4142, 1.4142
8.3125, -15.7500, 1.4142, 1.4142
8.3750, -15.8125, 1.4142, 1.4142
8.4375, -15.8750, 1.4142, 1.4142
8.5000, -15.9375, 1.4170, 1.4170
8.5625, -16.0000, 1.4170, 1.4170
8.6250, -16.0625, 1.4142, 1.4142
8.6875, -16.1250, 1.4142, 1.4142
8.7500, -16.1875, 1.4142, 1.4142
8.8125, -16.2500, 1.4142, 1.4142
8.8750, -16.3125, 1.4142, 1.4142
8.9375, -16.3750, 1.4142, 1.4142
9.0000, -16.4375, 1.4142, 1.4142
9.0625, -16.5000, 1.4142, 1.4142
9.1250, -16.5625, 1.4142, 1.4142
9.1875, -16.6250, 1.4142, 1.4142
9.2500, -16.6875, 1.4142, 1.4142
9.3125, -16.7500, 1.4142, 1.4142
9.3750, -16.8125, 1.4142, 1.4142
9.4375, -16.8750, 1.4142, 1.4142
9.5000, -16.9375, 1.4142, 1.4142
9.5625, -17.0000, 1.4045, 1.4045
